group_id,count,title,url
1,10,Học tiếng Anh hiệu quả cùng Trường Việt Anh,https://truongvietanh.com/7-cach-hoc-tieng-anh-voi-facebook-truong-quoc-te-viet-anh/
1,10,Học tiếng Anh hiệu quả cùng Trường Việt Anh,https://truongvietanh.com/bi-kip-de-hoc-tieng-anh-hieu-qua-qua-phim-truong-quoc-te/
1,10,Học tiếng Anh hiệu quả cùng Trường Việt Anh,https://truongvietanh.com/cach-hoc-tieng-anh-cuc-nhanh-truong-quoc-te-viet-anh/
1,10,Học tiếng Anh hiệu quả cùng Trường Việt Anh,https://truongvietanh.com/dot-pha-trong-tieng-anh-phan-1-truong-quoc-te-viet-anh/
1,10,Học tiếng Anh hiệu quả cùng Trường Việt Anh,https://truongvietanh.com/dot-pha-trong-tieng-anh-phan-2-truong-quoc-te-viet-anh/
1,10,Học tiếng Anh hiệu quả cùng Trường Việt Anh,https://truongvietanh.com/hoc-sinh-truong-quoc-te-viet-anh-hoc-tieng-anh-nhu-the-nao/
1,10,Học tiếng Anh hiệu quả cùng Trường Việt Anh,https://truongvietanh.com/hoc-tieng-anh-qua-internet-truong-quoc-te-viet-anh/
1,10,Học tiếng Anh hiệu quả cùng Trường Việt Anh,https://truongvietanh.com/hoc-tieng-anh-qua-mang-xa-hoi-truong-quoc-te-viet-anh/
1,10,Học tiếng Anh hiệu quả cùng Trường Việt Anh,https://truongvietanh.com/phuong-phap-hoc-tieng-anh-giao-tiep-truong-quoc-te-viet-anh/
1,10,Học tiếng Anh hiệu quả cùng Trường Việt Anh,https://truongvietanh.com/phuong-phap-hoc-tieng-anh-qua-phim-truong-quoc-te/
2,6,Trường TH THCS THPT Việt Anh - Đào Tạo Học Sinh Chuyên Anh,https://truongvietanh.com
2,6,Trường TH THCS THPT Việt Anh - Đào Tạo Học Sinh Chuyên Anh,https://truongvietanh.com/hoc-phi-khung-cua-truong-quoc-te-ai-quan-ly/
2,6,Trường TH THCS THPT Việt Anh - Đào Tạo Học Sinh Chuyên Anh,https://truongvietanh.com/hoc-sinh-truong-viet-anh-da-xuat-sac-gianh-giai-ba-mon-tieng-anh-ki-thi-hoc-sinh-gioi-cap-thanh-pho-2017-ngay-28-thang-03-nam-2017/
2,6,Trường TH THCS THPT Việt Anh - Đào Tạo Học Sinh Chuyên Anh,https://truongvietanh.com/khoanh-khac-thay-tro-2018-anh-du-thi-lop-11c1/
2,6,Trường TH THCS THPT Việt Anh - Đào Tạo Học Sinh Chuyên Anh,https://truongvietanh.com/khoanh-khac-thay-tro-2019-anh-du-thi-lop-10a1/
2,6,Trường TH THCS THPT Việt Anh - Đào Tạo Học Sinh Chuyên Anh,https://truongvietanh.com/khoanh-khac-thay-tro-2019-anh-du-thi-lop-11a2/
3,5,Trường Việt Anh xử lí nỗi lo học phí trường quốc tế ra sao?,https://truongvietanh.com/hoc-phi-truong-quoc-te-khong-con-la-noi-lo-cua-phu-huynh/
3,5,Trường Việt Anh xử lí nỗi lo học phí trường quốc tế ra sao?,https://truongvietanh.com/hoc-truong-quoc-te-xoa-tan-noi-lo-dau-tu-cho-con-di-du-hoc-ngay-25-thang-06-nam-2018/
3,5,Trường Việt Anh xử lí nỗi lo học phí trường quốc tế ra sao?,https://truongvietanh.com/truong-quoc-te-viet-anh-giai-quyet-noi-lo-phat-sinh-hoc-phi/
3,5,Trường Việt Anh xử lí nỗi lo học phí trường quốc tế ra sao?,https://truongvietanh.com/truong-viet-anh-xu-li-noi-lo-hoc-phi-truong-quoc-te-ra-sao/
3,5,Trường Việt Anh xử lí nỗi lo học phí trường quốc tế ra sao?,https://truongvietanh.com/xoa-tan-noi-lo-hoc-phi-truong-quoc-te/
4,4,15 Cách Ôn Thi Vào 10 Hiệu Quả Và Đạt Điểm Cao Cho Sĩ Tử,https://truongvietanh.com/bi-quyet-lam-bai-thi-tuyen-sinh-lop-10-dat-ket-qua-cao/
4,4,15 Cách Ôn Thi Vào 10 Hiệu Quả Và Đạt Điểm Cao Cho Sĩ Tử,https://truongvietanh.com/bi-quyet-on-thi-lop-10-hieu-qua/
4,4,15 Cách Ôn Thi Vào 10 Hiệu Quả Và Đạt Điểm Cao Cho Sĩ Tử,https://truongvietanh.com/bi-quyet-thi-do-tuyen-sinh-lop-10/
4,4,15 Cách Ôn Thi Vào 10 Hiệu Quả Và Đạt Điểm Cao Cho Sĩ Tử,https://truongvietanh.com/thi-tuyen-sinh-lop-10-bi-kip-rinh-diem-cao-toan-van-anh/
5,3,Trường [THCS]&[THPT] Việt Anh - Lễ Bế Giảng Việt Anh niên khóa 2011-2012 - Trường TH THCS THPT Việt Anh,https://truongvietanh.com/truong-thcsthpt-viet-anh-le-be-giang-viet-anh-nien-khoa-2011-2012-2/
5,3,Trường [THCS]&[THPT] Việt Anh - Lễ Bế Giảng Việt Anh niên khóa 2011-2012 - Trường TH THCS THPT Việt Anh,https://truongvietanh.com/truong-thcsthpt-viet-anh-le-be-giang-viet-anh-nien-khoa-2011-2012-4/
5,3,Trường [THCS]&[THPT] Việt Anh - Lễ Bế Giảng Việt Anh niên khóa 2011-2012 - Trường TH THCS THPT Việt Anh,https://truongvietanh.com/truong-thcsthpt-viet-anh-le-giang-viet-anh-nien-khoa-2011-2012/
6,2,Mẹo Khoanh Trắc Nghiệm Tiếng Anh Với Tỷ Lệ Cực Chính Xác,https://truongvietanh.com/bi-quyet-lam-bai-thi-trac-nghiem-mon-anh-van/
6,2,Mẹo Khoanh Trắc Nghiệm Tiếng Anh Với Tỷ Lệ Cực Chính Xác,https://truongvietanh.com/meo-lam-bai-thi-trac-nghiem-mon-tieng-anh/
7,2,"Chuyến du lịch, dã ngoại Teambulding tại The Boat Club Residences của Học Sinh Việt Anh - 25/12/2011 - Trường TH THCS THPT Việt Anh",https://truongvietanh.com/chuyen-du-lich-da-ngoai-teambulding-tai-the-boat-club-residences-cua-hoc-sinh-viet-anh-25122011-2/
7,2,"Chuyến du lịch, dã ngoại Teambulding tại The Boat Club Residences của Học Sinh Việt Anh - 25/12/2011 - Trường TH THCS THPT Việt Anh",https://truongvietanh.com/chuyen-du-lich-da-ngoai-teambulding-tai-the-boat-club-residences-cua-hoc-sinh-viet-anh-25122011/
8,2,Giải Đồng Olympic Môn Anh Văn năm học 2014 - 2015 - Trường TH THCS THPT Việt Anh,https://truongvietanh.com/giai-dong-olympic-mon-anh-van-nam-hoc-2014-2015-2/
8,2,Giải Đồng Olympic Môn Anh Văn năm học 2014 - 2015 - Trường TH THCS THPT Việt Anh,https://truongvietanh.com/giai-dong-olympic-mon-anh-van-nam-hoc-2014-2015/
9,2,KẾ HOẠCH NĂM HỌC 2014 - 2015,https://truongvietanh.com/ke-hoach-nam-hoc-2014-2015-2/
9,2,KẾ HOẠCH NĂM HỌC 2014 - 2015,https://truongvietanh.com/ke-hoach-nam-hoc-2014-2015/
10,2,"SUMMER GOT TALENT 2017 | Khóa Học Hè ""Học Mọi Nơi - Chơi Mọi Lúc"" - Trường TH THCS THPT Việt Anh",https://truongvietanh.com/khoa-he-summer-got-talents-2017-uu-dai/
10,2,"SUMMER GOT TALENT 2017 | Khóa Học Hè ""Học Mọi Nơi - Chơi Mọi Lúc"" - Trường TH THCS THPT Việt Anh",https://truongvietanh.com/summer-got-talents-2016-khoa-hoc-he-co-1-khong-2/
11,2,KINH NGHIỆM DU HỌC NEW ZEALAND,https://truongvietanh.com/kinh-nghiem-du-hoc-new-zealand-2/
11,2,KINH NGHIỆM DU HỌC NEW ZEALAND,https://truongvietanh.com/kinh-nghiem-du-hoc-new-zealand/
12,2,Kỹ năng sống quan trọng như thế nào? - Trường TH THCS THPT Việt Anh,https://truongvietanh.com/ky-nang-song-chia-khoa-then-chot-dan-den-thanh-cong-2/
12,2,Kỹ năng sống quan trọng như thế nào? - Trường TH THCS THPT Việt Anh,https://truongvietanh.com/ky-nang-song-chia-khoa-then-chot-dan-den-thanh-cong/
13,2,VAI TRÒ GIA ĐÌNH TRONG HƯỚNG NGHIỆP CHO HỌC SINH,https://truongvietanh.com/lich-thi-hoc-ki-ii-nam-hoc-2014-2015/
13,2,VAI TRÒ GIA ĐÌNH TRONG HƯỚNG NGHIỆP CHO HỌC SINH,https://truongvietanh.com/vai-tro-gia-dinh-trong-huong-nghiep-cho-hoc-sinh/
14,2,So sánh các trường THCS tại TP.HCM - Trường TH THCS THPT Việt Anh,https://truongvietanh.com/so-sanh-cac-truong-thcs-tai-tp-hcm-3/
14,2,So sánh các trường THCS tại TP.HCM - Trường TH THCS THPT Việt Anh,https://truongvietanh.com/so-sanh-cac-truong-thcs-tai-tp-hcm/
15,2,Tầm Nhìn Và Sức Mệnh Của Trường Việt Anh,https://truongvietanh.com/su-menh-va-muc-tieu/
15,2,Tầm Nhìn Và Sức Mệnh Của Trường Việt Anh,https://truongvietanh.com/tam-nhin-cua-truong-viet-anh/
16,2,TRƯỜNG QUỐC TẾ - “CAM KẾT IELTS 6.0+ TẠI SAO KHÔNG?” (Ngày 06 tháng 07 năm 2018) - Trường TH THCS THPT Việt Anh,https://truongvietanh.com/truong-quoc-te-cam-ket-ielts-6-0-tai-sao-khong-ngay-06-thang-07-nam-2018-2/
16,2,TRƯỜNG QUỐC TẾ - “CAM KẾT IELTS 6.0+ TẠI SAO KHÔNG?” (Ngày 06 tháng 07 năm 2018) - Trường TH THCS THPT Việt Anh,https://truongvietanh.com/truong-quoc-te-cam-ket-ielts-6-0/
17,2,"Trường [THCS]&[THPT] Việt Anh-Học sinh tham gia cuộc thi ""Một ngày làm thầy"" - Trường TH THCS THPT Việt Anh",https://truongvietanh.com/truong-thcsthpt-viet-anh-hoc-sinh-tham-gia-cuoc-thi-mot-ngay-lam-thay-2/
17,2,"Trường [THCS]&[THPT] Việt Anh-Học sinh tham gia cuộc thi ""Một ngày làm thầy"" - Trường TH THCS THPT Việt Anh",https://truongvietanh.com/truong-thcsthpt-viet-anh-hoc-sinh-tham-gia-cuoc-thi-mot-ngay-lam-thay/
18,2,Tuyển dụng nhân sự 2016 tại trường Việt Anh - Trường TH THCS THPT Việt Anh,https://truongvietanh.com/tuyen-dung-nhan-su-2016-tai-truong-viet-anh-2/
18,2,Tuyển dụng nhân sự 2016 tại trường Việt Anh - Trường TH THCS THPT Việt Anh,https://truongvietanh.com/tuyen-dung-nhan-su-2016-tai-truong-viet-anh/
