URL,Title,Template,Form(s),Words,Last Updated,Notes
https://truongvietanh.com/404,404 — Không tìm thấy trang | Trường Việt Anh,BaseLayout,—,82,2026-04-22,Có thể đổi template ((default))
https://truongvietanh.com/[...slug],Trang này chưa có trong Directus hoặc trong bộ dữ liệu fallback.,BaseLayout,—,3,2026-04-07,dynamic · Có thể đổi template ((default))
https://truongvietanh.com/[trai_he_slug],Video Trại Hè Lion Camp,SqueezePageLayout,#squeeze-form; LeadFormTwoStepEmailFirst; QuizFunnel,350,2026-04-22,dynamic · Có thể đổi template (hero|usp|trust|content|form|faq)
https://truongvietanh.com/[trai_he_slug]/cam-on,{page.thank_you_title},inline,—,195,2026-04-22,dynamic · Có thể đổi template (no-slot)
https://truongvietanh.com/admin,,inline,—,0,2026-04-11,dev/internal · Có thể đổi template (no-slot)
https://truongvietanh.com/ban-lanh-dao,Chủ Tịch,BaseLayout,—,482,2026-04-22,Có thể đổi template ((default))
https://truongvietanh.com/blog/[slug],${post.title} | Trường Việt Anh,BaseLayout,#blog-lead-form; LeadFormTwoStepEmailFirst; fc:blog-post,298,2026-04-22,dynamic · Có thể đổi template ((default))
https://truongvietanh.com/blog/danh-muc/[category],{category.label},BaseLayout,—,49,2026-04-20,dynamic · Có thể đổi template ((default))
https://truongvietanh.com/blog,"Blog Trường Việt Anh — Nuôi Dạy Con, IELTS, Chuyển Cấp & Giáo Dục",BaseLayout,—,93,2026-04-20,Có thể đổi template ((default))
https://truongvietanh.com/cam-on,Cảm ơn bạn đã đăng ký! | Trường Việt Anh,BaseLayout,—,162,2026-04-22,Có thể đổi template ((default))
https://truongvietanh.com/cap-hoc,Hệ Thống Liên Cấp Trường Việt Anh,BaseLayout,#cap-hoc-bottom-form; #cap-hoc-form; LeadFormTwoStepEmailFirst; fc:cap-hoc-bottom; fc:cap-hoc-pillar,2519,2026-04-22,Có thể đổi template ((default))
https://truongvietanh.com/chon-truong-mam-non,Trong cẩm nang có gì?,SqueezePageLayout,#chon-truong-mam-non-form; LeadFormTwoStepEmailFirst; fc:chon-truong-mam-non,401,2026-04-22,Có thể đổi template (hero|usp|trust|content|form|faq)
https://truongvietanh.com/chon-truong-mam-non/cam-on,Cảm Ơn — Cẩm Nang Chọn Trường Mầm Non đã được gửi | Trường Việt Anh,inline,—,214,2026-04-22,Có thể đổi template (no-slot)
https://truongvietanh.com/chon-truong-thcs,Được tin tưởng bởi,SqueezePageLayout,LeadFormTwoStepEmailFirst,31,2026-04-20,Có thể đổi template (hero|usp|trust|content|form|faq)
https://truongvietanh.com/chon-truong-thcs/cam-on,Cảm Ơn — Cẩm Nang Chọn Trường THCS đã được gửi | Trường Việt Anh,inline,—,211,2026-04-20,Có thể đổi template (no-slot)
https://truongvietanh.com/chon-truong-thpt,Được tin tưởng bởi,SqueezePageLayout,LeadFormTwoStepEmailFirst,31,2026-04-20,Có thể đổi template (hero|usp|trust|content|form|faq)
https://truongvietanh.com/chon-truong-thpt/cam-on,Cảm Ơn — Cẩm Nang Chọn Trường THPT đã được gửi | Trường Việt Anh,inline,—,211,2026-04-20,Có thể đổi template (no-slot)
https://truongvietanh.com/chon-truong-tieu-hoc,Được tin tưởng bởi,SqueezePageLayout,LeadFormTwoStepEmailFirst,31,2026-04-20,Có thể đổi template (hero|usp|trust|content|form|faq)
https://truongvietanh.com/chon-truong-tieu-hoc/cam-on,Cảm Ơn — Cẩm Nang Chọn Trường Tiểu Học đã được gửi | Trường Việt Anh,inline,—,214,2026-04-20,Có thể đổi template (no-slot)
https://truongvietanh.com/co-so,Hệ Thống 9 Cơ Sở Trường Việt Anh Trên Toàn Quốc,BaseLayout,#co-so-bottom-form; #co-so-form; LeadFormTwoStepEmailFirst; fc:co-so-bottom; fc:co-so-pillar,3150,2026-04-22,Có thể đổi template ((default))
https://truongvietanh.com/danh-gia-cua-phu-huynh,Đánh giá từ phụ huynh & học sinh | Trường Việt Anh,BaseLayout,#danh-gia-form; LeadFormTwoStepEmailFirst; fc:danh-gia-pillar,90,2026-04-20,Có thể đổi template ((default))
https://truongvietanh.com/giai-ma-tiem-nang,Giải Mã Tiềm Năng – Giúp Con Hiểu Chính Mình Từ Gốc,BaseLayout,#giai-ma-tiem-nang-form; LeadFormTwoStepEmailFirst; fc:giai-ma-tiem-nang,771,2026-04-22,Có thể đổi template ((default))
https://truongvietanh.com/giao-vien-chu-nhiem,Chủ Tịch,BaseLayout,—,271,2026-04-22,Có thể đổi template ((default))
https://truongvietanh.com/giao-vien,Đội ngũ giáo viên & quản nhiệm | Trường Việt Anh,BaseLayout,—,216,2026-04-20,Có thể đổi template ((default))
https://truongvietanh.com/gioi-thieu,Trường Việt Anh: Hệ Thống Giáo Dục Liên Cấp Song Ngữ Tại TP.HCM,BaseLayout,#gioi-thieu-bottom-form; #gioi-thieu-form; LeadFormTwoStepEmailFirst; fc:gioi-thieu-bottom; fc:gioi-thieu-pillar,2108,2026-04-18,Có thể đổi template ((default))
https://truongvietanh.com/giu-cho,Đăng Ký Tư Vấn 1:1 Lion Camp 2026 | Trường Việt Anh,inline,—,176,2026-04-22,Có thể đổi template (no-slot)
https://truongvietanh.com/he-thong-pdr,"Hệ Thống PDR — Chơi, Khám Phá, Phản Tư",BaseLayout,#pdr-bottom-form; #pdr-form; LeadFormTwoStepEmailFirst; fc:pdr-bottom; fc:pdr-pillar,2939,2026-04-22,Có thể đổi template ((default))
https://truongvietanh.com/hinh-anh,Thể Thao,BaseLayout,#hinh-anh-form; LeadFormTwoStepEmailFirst; fc:gallery,478,2026-04-22,Có thể đổi template ((default))
https://truongvietanh.com/hoc-bong,Học Bổng Trường Việt Anh 2026 — Giảm Đến 50% Học Phí,BaseLayout,#hoc-bong-form; LeadFormTwoStepEmailFirst; fc:scholarship,39,2026-04-22,Có thể đổi template ((default))
https://truongvietanh.com/hoc-phi,"Học Phí Trường Việt Anh: Chất Lượng Quốc Tế, Học Phí Phù Hợp",BaseLayout,#hoc-phi-bottom-form; #hoc-phi-form; LeadFormTwoStepEmailFirst; fc:hoc-phi-bottom; fc:hoc-phi-pillar,3891,2026-04-22,Có thể đổi template ((default))
https://truongvietanh.com/,Quy trình tuyển sinh Trường Việt Anh: Từ đăng ký đến nhập học,BaseLayout,#brochure-form; #homepage-brochure-form; LeadFormTwoStepEmailFirst; fc:brochure-homepage; fc:home-brochure,1350,2026-04-22,Có thể đổi template ((default))
https://truongvietanh.com/lien-he,Bản đồ Trường Việt Anh — Cơ sở Phú Nhuận,BaseLayout,#lien-he-bottom-form; #lien-he-form; LeadFormTwoStepEmailFirst; fc:lien-he-bottom; fc:lien-he-page,1728,2026-04-22,Có thể đổi template ((default))
https://truongvietanh.com/mam-non,Mầm Non Việt Anh – Kích Hoạt Bản Năng Siêu Học Tập,BaseLayout,#mam-non-pillar-form; LeadFormTwoStepEmailFirst; fc:mam-non-pillar,832,2026-04-22,Có thể đổi template ((default))
https://truongvietanh.com/mau-giao-dien,Mẫu Giao Diện — Templates Trường Việt Anh,BaseLayout,—,33,2026-04-22,dev/internal · Có thể đổi template ((default))
https://truongvietanh.com/mau-template/[slug],{sample.sampleHeadline},BaseLayout,—,258,2026-04-07,dynamic · dev/internal · Có thể đổi template ((default))
https://truongvietanh.com/mau-template,Thư viện 28 Template Classes | Trường Việt Anh,BaseLayout,—,313,2026-04-07,dev/internal · Có thể đổi template ((default))
https://truongvietanh.com/mau/[slug],{content.heroTitle},BaseLayout,—,2,2026-04-07,dynamic · dev/internal · Có thể đổi template ((default))
https://truongvietanh.com/mau,28 Trang mẫu hoàn chỉnh | Trường Việt Anh,BaseLayout,—,135,2026-04-07,dev/internal · Có thể đổi template ((default))
https://truongvietanh.com/ngoai-khoa,Chương Trình Ngoại Khóa Trường Việt Anh: 20+ CLB Phát Triển Toàn Diện,BaseLayout,#ngoai-khoa-bottom-form; #ngoai-khoa-form; LeadFormTwoStepEmailFirst; fc:ngoai-khoa-bottom; fc:ngoai-khoa-pillar,2569,2026-04-22,Có thể đổi template ((default))
https://truongvietanh.com/phu-huynh,Góc Phụ Huynh Trường Việt Anh,BaseLayout,#phu-huynh-bottom-form; #phu-huynh-form; LeadFormTwoStepEmailFirst; fc:phu-huynh-bottom; fc:phu-huynh-pillar,3122,2026-04-20,Có thể đổi template ((default))
https://truongvietanh.com/report,Báo Cáo Đánh Giá Kỹ Năng Hè 2026 | Lion Camp — Trường Việt Anh,inline,—,173,2026-04-22,dev/internal · Có thể đổi template (no-slot)
https://truongvietanh.com/samples/vinschool-homepage,"Gần 50,000",BaseLayout,—,277,2026-04-22,dev/internal · Có thể đổi template ((default))
https://truongvietanh.com/sieu-an-gioi,"Siêu Ăn Giỏi – Giúp Trẻ Tự Ăn, Không Ép, Không Dỗ",BaseLayout,#sieu-an-gioi-form; LeadFormTwoStepEmailFirst; fc:sieu-an-gioi,705,2026-04-22,Có thể đổi template ((default))
https://truongvietanh.com/so-sanh,So Sánh Trường Việt Anh với Trường Công và Quốc Tế — Bảng So Sánh Chi Tiết,BaseLayout,#so-sanh-form; LeadFormTwoStepEmailFirst; fc:comparison,305,2026-04-22,Có thể đổi template ((default))
https://truongvietanh.com/squeeze/checklist-chon-truong,Trong checklist có gì?,SqueezePageLayout,#hero-checklist; #squeeze-form; LeadFormTwoStepEmailFirst; fc:squeeze-checklist,462,2026-04-22,Có thể đổi template (hero|usp|trust|content|form|faq)
https://truongvietanh.com/squeeze/ebook-lo-trinh-lop-10,Bạn sẽ nhận được gì?,SqueezePageLayout,#squeeze-form; LeadFormTwoStepEmailFirst; fc:squeeze-ebook-lo-trinh,511,2026-04-22,Có thể đổi template (hero|usp|trust|content|form|faq)
https://truongvietanh.com/squeeze/hoc-thu-mien-phi,Con và Ba/Mẹ sẽ được gì?,SqueezePageLayout,#squeeze-form; LeadFormTwoStepEmailFirst; fc:squeeze-hoc-thu,393,2026-04-22,Có thể đổi template (hero|usp|trust|content|form|faq)
https://truongvietanh.com/squeeze/livestream-phu-huynh,Bạn sẽ học được gì?,SqueezePageLayout,#squeeze-form; LeadFormTwoStepEmailFirst; fc:squeeze-livestream,442,2026-04-22,Có thể đổi template (hero|usp|trust|content|form|faq)
https://truongvietanh.com/squeeze/test-nang-luc,Bài test bao gồm,SqueezePageLayout,#squeeze-form; LeadFormTwoStepEmailFirst; fc:squeeze-test-nang-luc,430,2026-04-22,Có thể đổi template (hero|usp|trust|content|form|faq)
https://truongvietanh.com/su-kien,"Sự Kiện Trường Việt Anh — Open Day, Workshop, Hội Thao",BaseLayout,—,36,2026-04-22,Có thể đổi template ((default))
https://truongvietanh.com/tai-nguyen/checklist-chon-truong-mam-non,Checklist Chọn Trường Mầm Non Song Ngữ — 15 Tiêu Chí + Framework 5C | Trường Việt Anh,SalesPageLayout,#checklist-mn-form1; #checklist-mn-form2; LeadFormTwoStepEmailFirst; fc:squeeze-checklist-mn; fc:squeeze-checklist-mn-2,1380,2026-04-22,Có thể đổi template (hero|stats|pain|features|textimg|quote|pricing|form1|cta|form2|faq)
https://truongvietanh.com/thanh-tich,Thành Tích Trường Việt Anh: Kết Quả Nổi Bật Qua Các Năm Học,BaseLayout,#thanh-tich-bottom-form; #thanh-tich-form; LeadFormTwoStepEmailFirst; fc:thanh-tich-bottom; fc:thanh-tich-pillar,3285,2026-04-19,Có thể đổi template ((default))
https://truongvietanh.com/thcs,THCS Việt Anh – Bứt Phá Không Lệch Hướng,BaseLayout,#thcs-pillar-form; LeadFormTwoStepEmailFirst; fc:thcs-pillar,824,2026-04-22,Có thể đổi template ((default))
https://truongvietanh.com/thpt,"THPT Việt Anh – Làm Rõ Bản Thân, Chọn Đúng Con Đường",BaseLayout,#thpt-pillar-form; LeadFormTwoStepEmailFirst; fc:thpt-pillar,817,2026-04-22,Có thể đổi template ((default))
https://truongvietanh.com/tieu-hoc,"Tiểu Học Việt Anh – Làm Chủ Việc Học, Tiếng Anh & Bản Thân",BaseLayout,#tieu-hoc-pillar-form; LeadFormTwoStepEmailFirst; fc:tieu-hoc-pillar,798,2026-04-22,Có thể đổi template ((default))
https://truongvietanh.com/tin-tuc,"Blog Trường Việt Anh — Tin Tức, Sự Kiện & Kiến Thức Giáo Dục",BaseLayout,#tin-tuc-form; LeadFormTwoStepEmailFirst; fc:blog-listing,477,2026-04-22,Có thể đổi template ((default))
https://truongvietanh.com/trai-he-2026,Lion Camp 2026 – Trại Hè Phát Triển Toàn Diện Tại Việt Anh,BaseLayout,#trai-he-2026-pillar-form; LeadFormTwoStepEmailFirst; fc:trai-he-2026-pillar,817,2026-04-22,Có thể đổi template ((default))
https://truongvietanh.com/trai-he-thcs-binh-tan-vsl,,VSLSqueezePage,fc:vsl-thcs-binh-tan,0,2026-04-16,Có thể đổi template (no-slot)
https://truongvietanh.com/trai-he-thcs-binh-tan-vsl/cam-on,,VSLThankYouPage,fc:vsl-thcs-binh-tan,0,2026-04-16,Có thể đổi template (no-slot)
https://truongvietanh.com/trai-he-thcs-go-vap-vsl,,VSLSqueezePage,fc:vsl-thcs-go-vap,0,2026-04-16,Có thể đổi template (no-slot)
https://truongvietanh.com/trai-he-thcs-go-vap-vsl/cam-on,,VSLThankYouPage,fc:vsl-thcs-go-vap,0,2026-04-16,Có thể đổi template (no-slot)
https://truongvietanh.com/trai-he-thpt-binh-tan-vsl,,VSLSqueezePage,fc:vsl-thpt-binh-tan,0,2026-04-16,Có thể đổi template (no-slot)
https://truongvietanh.com/trai-he-thpt-binh-tan-vsl/cam-on,,VSLThankYouPage,fc:vsl-thpt-binh-tan,0,2026-04-16,Có thể đổi template (no-slot)
https://truongvietanh.com/trai-he-thpt-go-vap-vsl,,VSLSqueezePage,fc:vsl-thpt-go-vap,0,2026-04-16,Có thể đổi template (no-slot)
https://truongvietanh.com/trai-he-thpt-go-vap-vsl/cam-on,,VSLThankYouPage,fc:vsl-thpt-go-vap,0,2026-04-16,Có thể đổi template (no-slot)
https://truongvietanh.com/trai-he-tieu-hoc-binh-tan-vsl,,VSLSqueezePage,fc:vsl-tieu-hoc-binh-tan,0,2026-04-20,Có thể đổi template (no-slot)
https://truongvietanh.com/trai-he-tieu-hoc-binh-tan-vsl/cam-on,,VSLThankYouPage,fc:vsl-tieu-hoc-binh-tan,0,2026-04-16,Có thể đổi template (no-slot)
https://truongvietanh.com/trai-he-tieu-hoc-can-giuoc-vsl,,VSLSqueezePage,fc:vsl-tieu-hoc-can-giuoc,0,2026-04-20,Có thể đổi template (no-slot)
https://truongvietanh.com/trai-he-tieu-hoc-can-giuoc-vsl/cam-on,,VSLThankYouPage,fc:vsl-tieu-hoc-can-giuoc,0,2026-04-16,Có thể đổi template (no-slot)
https://truongvietanh.com/trai-he-tieu-hoc-go-vap-vsl,,VSLSqueezePage,fc:vsl-tieu-hoc-go-vap,0,2026-04-20,Có thể đổi template (no-slot)
https://truongvietanh.com/trai-he-tieu-hoc-go-vap-vsl/cam-on,,VSLThankYouPage,fc:vsl-tieu-hoc-go-vap,0,2026-04-16,Có thể đổi template (no-slot)
https://truongvietanh.com/trai-he-tieu-hoc-rach-gia-vsl,,VSLSqueezePage,fc:vsl-tieu-hoc-rach-gia,0,2026-04-20,Có thể đổi template (no-slot)
https://truongvietanh.com/trai-he-tieu-hoc-rach-gia-vsl/cam-on,,VSLThankYouPage,fc:vsl-tieu-hoc-rach-gia,0,2026-04-16,Có thể đổi template (no-slot)
https://truongvietanh.com/triet-ly-giao-duc,Triết Lý Giáo Dục Trường Việt Anh: Phát Triển Toàn Diện Con Người,BaseLayout,#triet-ly-bottom-form; #triet-ly-form; LeadFormTwoStepEmailFirst; fc:triet-ly-giao-duc-bottom; fc:triet-ly-giao-duc-pillar,3252,2026-04-22,Có thể đổi template ((default))
https://truongvietanh.com/trung-hoc-co-so,"Trường THCS Việt Anh: Phát Triển Toàn Diện, Sẵn Sàng Tương Lai",BaseLayout,#thcs-bottom-form; #thcs-form; LeadFormTwoStepEmailFirst; fc:thcs-bottom; fc:thcs-pillar,4510,2026-04-22,Có thể đổi template ((default))
https://truongvietanh.com/trung-hoc-pho-thong,Trường THPT Việt Anh: Đầu Ra IELTS 6.0-8.0 Và 99% Vào Đại Học,BaseLayout,#thpt-bottom-form; #thpt-form; LeadFormTwoStepEmailFirst; fc:thpt-bottom; fc:thpt-pillar,4166,2026-04-22,Có thể đổi template ((default))
https://truongvietanh.com/tuyen-sinh,Đăng ký tư vấn tuyển sinh — Trường Việt Anh,BaseLayout,#tuyen-sinh-bottom-form; #tuyen-sinh-form; LeadFormTwoStepEmailFirst; fc:tuyen-sinh-bottom; fc:tuyen-sinh-pillar,448,2026-04-22,Có thể đổi template ((default))
https://truongvietanh.com/tuyen-sinh/cong-vien-giao-duc/cam-on,Cảm ơn — Công Viên Giáo Dục | Trường Việt Anh,SqueezePageLayout,fc:cong-vien-giao-duc-thankyou,203,2026-04-22,Có thể đổi template (hero|usp|trust|content|form|faq)
https://truongvietanh.com/tuyen-sinh/cong-vien-giao-duc,Công Viên Giáo Dục — Nơi 1.000 Đứa Trẻ Hạnh Phúc Lớn Lên Khác Biệt | Trường Việt Anh,SqueezePageLayout,fc:cong-vien-giao-duc,510,2026-04-22,Có thể đổi template (hero|usp|trust|content|form|faq)
https://truongvietanh.com/tuyen-sinh/mam-non/cau-chuyen-phu-huynh/cam-on,Đã Gửi Câu Chuyện — Mầm Non Việt Anh,inline,—,85,2026-04-22,Có thể đổi template (no-slot)
https://truongvietanh.com/tuyen-sinh/mam-non/cau-chuyen-phu-huynh,"Sau 8 tháng, con tôi tự tin nói tiếng Anh và yêu trường — Chị Lan, Gò Vấp",inline,—,194,2026-04-22,Có thể đổi template (no-slot)
https://truongvietanh.com/tuyen-sinh/mam-non/checklist/cam-on,Đã Gửi Checklist — Mầm Non Việt Anh,inline,—,85,2026-04-22,Có thể đổi template (no-slot)
https://truongvietanh.com/tuyen-sinh/mam-non/chuong-trinh/cam-on,Đăng Ký Thành Công — Chương Trình Mầm Non Việt Anh,inline,—,91,2026-04-22,Có thể đổi template (no-slot)
https://truongvietanh.com/tuyen-sinh/mam-non/chuong-trinh,Chương Trình Mầm Non Việt Anh — Nơi Con Yêu Phát Triển Toàn Diện,inline,—,565,2026-04-22,Có thể đổi template (no-slot)
https://truongvietanh.com/tuyen-sinh/mam-non/co-so/cam-on,Đăng Ký Thành Công — Cơ Sở Mầm Non Việt Anh,inline,—,86,2026-04-22,Có thể đổi template (no-slot)
https://truongvietanh.com/tuyen-sinh/mam-non/co-so,Mầm Non Việt Anh — Chỉ cách nhà anh/chị 7 phút,inline,—,202,2026-04-22,Có thể đổi template (no-slot)
https://truongvietanh.com/tuyen-sinh/mam-non/dang-ky-som/cam-on,Đăng Ký Thành Công — Mầm Non Việt Anh,inline,—,93,2026-04-22,Có thể đổi template (no-slot)
https://truongvietanh.com/tuyen-sinh/mam-non/gioi-thieu/cam-on,Giới Thiệu Thành Công — Mầm Non Việt Anh,inline,—,83,2026-04-22,Có thể đổi template (no-slot)
https://truongvietanh.com/tuyen-sinh/mam-non/gioi-thieu,Giới Thiệu Bạn Bè — Nhận Ngay Học Bổng 10 Triệu + Quà Tặng,inline,—,171,2026-04-22,Có thể đổi template (no-slot)
https://truongvietanh.com/tuyen-sinh/mam-non,Mầm Non Việt Anh — Kích Hoạt Bản Năng Siêu Học Tập Của Con,SalesPageLayout,#ban-nang-mam-non-form1; #ban-nang-mam-non-form2; LeadFormTwoStepEmailFirst; fc:sales-mam-non-ban-nang; fc:sales-mam-non-ban-nang-2,1749,2026-04-22,Có thể đổi template (hero|stats|pain|features|textimg|quote|pricing|form1|cta|form2|faq)
https://truongvietanh.com/tuyen-sinh/mam-non/livestream/cam-on,Đăng Ký Livestream Thành Công — Mầm Non Việt Anh,inline,—,88,2026-04-22,Có thể đổi template (no-slot)
https://truongvietanh.com/tuyen-sinh/mam-non/livestream,Livestream MIỄN PHÍ: Cách chọn trường mầm non giúp con phát triển toàn diện,inline,—,190,2026-04-22,Có thể đổi template (no-slot)
https://truongvietanh.com/tuyen-sinh/mam-non/nhap-hoc-2026/cam-on,Đăng Ký Thành Công — Nhập Học Mầm Non 2026 Việt Anh,inline,—,98,2026-04-22,Có thể đổi template (no-slot)
https://truongvietanh.com/tuyen-sinh/mam-non/nhap-hoc-2026,Chuẩn Bị Nhập Học Mầm Non Tháng 9/2026 — Ưu Đãi Hè Đặc Biệt,inline,—,169,2026-04-22,Có thể đổi template (no-slot)
https://truongvietanh.com/tuyen-sinh/mam-non/so-sanh/cam-on,Đã Gửi Bảng So Sánh — Mầm Non Việt Anh,inline,—,73,2026-04-22,Có thể đổi template (no-slot)
https://truongvietanh.com/tuyen-sinh/mam-non/so-sanh,So Sánh Mầm Non Việt Anh vs Các Trường Khác — Bảng So Sánh Chi Tiết 2026,inline,—,160,2026-04-22,Có thể đổi template (no-slot)
https://truongvietanh.com/tuyen-sinh/mam-non/tham-quan-truong/cam-on,Đặt Lịch Thành Công — Mầm Non Việt Anh,inline,—,96,2026-04-22,Có thể đổi template (no-slot)
https://truongvietanh.com/tuyen-sinh/mam-non/tu-van/cam-on,Đăng Ký Tư Vấn Thành Công — Mầm Non Việt Anh,inline,—,92,2026-04-22,Có thể đổi template (no-slot)
https://truongvietanh.com/tuyen-sinh/mam-non/tu-van,Con hay khóc khi đi học? 5 sai lầm thường gặp khi chọn trường mầm non,inline,—,190,2026-04-22,Có thể đổi template (no-slot)
https://truongvietanh.com/tuyen-sinh/thcs/checklist/cam-on,Cảm Ơn – Checklist THCS | Trường Việt Anh,inline,—,60,2026-04-22,Có thể đổi template (no-slot)
https://truongvietanh.com/tuyen-sinh/thcs/checklist,Câu hỏi phổ biến về chọn trường THCS,SqueezePageLayout,#checklist-thcs-form; LeadFormTwoStepEmailFirst; fc:checklist-thcs,659,2026-04-22,Có thể đổi template (hero|usp|trust|content|form|faq)
https://truongvietanh.com/tuyen-sinh/thcs/chuyen-cap/cam-on,Cảm Ơn – Chuyển cấp THCS | Trường Việt Anh,inline,—,68,2026-04-22,Có thể đổi template (no-slot)
https://truongvietanh.com/tuyen-sinh/thcs/chuyen-cap,Câu hỏi phổ biến về chuyển cấp THCS,SqueezePageLayout,#chuyen-cap-thcs-form; LeadFormTwoStepEmailFirst; fc:chuyen-cap-thcs,587,2026-04-22,Có thể đổi template (hero|usp|trust|content|form|faq)
https://truongvietanh.com/tuyen-sinh/thcs/dang-ky-som/cam-on,Cảm Ơn – Early Bird THCS | Trường Việt Anh,inline,—,65,2026-04-22,Có thể đổi template (no-slot)
https://truongvietanh.com/tuyen-sinh/thcs/dang-ky-som,Câu hỏi phổ biến về đăng ký sớm,SqueezePageLayout,#early-bird-thcs-form; LeadFormTwoStepEmailFirst; fc:early-bird-thcs,548,2026-04-22,Có thể đổi template (hero|usp|trust|content|form|faq)
https://truongvietanh.com/tuyen-sinh/thcs,"THCS Việt Anh — Đồng Hành Tuổi Dậy Thì, Bứt Phá Không Lệch Hướng",SalesPageLayout,#ban-linh-thcs-form1; #ban-linh-thcs-form2; LeadFormTwoStepEmailFirst; fc:sales-thcs-ban-linh; fc:sales-thcs-ban-linh-2,1386,2026-04-22,Có thể đổi template (hero|stats|pain|features|textimg|quote|pricing|form1|cta|form2|faq)
https://truongvietanh.com/tuyen-sinh/thcs/livestream/cam-on,Cảm Ơn – Livestream THCS | Trường Việt Anh,inline,—,63,2026-04-22,Có thể đổi template (no-slot)
https://truongvietanh.com/tuyen-sinh/thcs/livestream,Câu hỏi phổ biến về livestream,SqueezePageLayout,#livestream-thcs-form; LeadFormTwoStepEmailFirst; fc:livestream-thcs,558,2026-04-22,Có thể đổi template (hero|usp|trust|content|form|faq)
https://truongvietanh.com/tuyen-sinh/thcs/lop-6/checklist-a,Checklist 9 tiêu chí chọn trường THCS tốt nhất cho con lớp 6 – Tải miễn phí,inline,—,186,2026-04-22,Có thể đổi template (no-slot)
https://truongvietanh.com/tuyen-sinh/thcs/lop-6/checklist-b,9 tiêu chí vàng chọn trường THCS cho con lớp 6 – Phụ huynh thông thái không thể bỏ qua,inline,—,189,2026-04-22,Có thể đổi template (no-slot)
https://truongvietanh.com/tuyen-sinh/thcs/lop-6/early-bird-a,Early Bird A – THCS Lớp 6,inline,—,148,2026-04-22,Có thể đổi template (no-slot)
https://truongvietanh.com/tuyen-sinh/thcs/lop-6/early-bird-b,Early Bird B – THCS Lớp 6,inline,—,144,2026-04-22,Có thể đổi template (no-slot)
https://truongvietanh.com/tuyen-sinh/thcs/lop-6/livestream-a,Livestream MIỄN PHÍ: Lộ trình học THCS – THPT thành công năm 2026,inline,—,152,2026-04-22,Có thể đổi template (no-slot)
https://truongvietanh.com/tuyen-sinh/thcs/lop-6/livestream-b,LIVE Livestream: Bí quyết giúp con lớp 6 thành công suốt 4 năm THCS,inline,—,150,2026-04-22,Có thể đổi template (no-slot)
https://truongvietanh.com/tuyen-sinh/thcs/lop-6/pain-point-a,"Con sắp vào lớp 6 – Lo lắng về áp lực học tập, môi trường dậy thì và chuyển cấp? Đây là những gì cha mẹ cần biết ngay | ",inline,—,178,2026-04-22,Có thể đổi template (no-slot)
https://truongvietanh.com/tuyen-sinh/thcs/lop-6/pain-point-b,Nhận ngay báo cáo ,inline,—,187,2026-04-22,Có thể đổi template (no-slot)
https://truongvietanh.com/tuyen-sinh/thcs/lop-6/school-tour-a,Đặt lịch School Tour THCS 2026 – Con bạn sẽ được học 1 buổi thực tế,inline,—,136,2026-04-22,Có thể đổi template (no-slot)
https://truongvietanh.com/tuyen-sinh/thcs/lop-6/school-tour-b,Trải nghiệm lớp 6 thực tế + Tư vấn lộ trình cá nhân hóa – Đăng ký School Tour MIỄN PHÍ,inline,—,124,2026-04-22,Có thể đổi template (no-slot)
https://truongvietanh.com/tuyen-sinh/thcs/tham-quan-truong/cam-on,Cảm Ơn – School Tour THCS | Trường Việt Anh,inline,—,66,2026-04-22,Có thể đổi template (no-slot)
https://truongvietanh.com/tuyen-sinh/thcs/tham-quan-truong,Câu hỏi phổ biến về tham quan trường,SqueezePageLayout,#tour-thcs-form; LeadFormTwoStepEmailFirst; fc:tour-thcs,562,2026-04-22,Có thể đổi template (hero|usp|trust|content|form|faq)
https://truongvietanh.com/tuyen-sinh/thpt/ap-luc-thi/cam-on,Cảm Ơn – Áp lực thi THPT | Trường Việt Anh,inline,—,73,2026-04-22,Có thể đổi template (no-slot)
https://truongvietanh.com/tuyen-sinh/thpt/ap-luc-thi,Câu hỏi thường gặp về áp lực thi cử THPT,SqueezePageLayout,#ap-luc-thi-form; LeadFormTwoStepEmailFirst; fc:ap-luc-thi-thpt,665,2026-04-22,Có thể đổi template (hero|usp|trust|content|form|faq)
https://truongvietanh.com/tuyen-sinh/thpt/checklist/cam-on,Cảm Ơn – Checklist THPT | Trường Việt Anh,inline,—,62,2026-04-22,Có thể đổi template (no-slot)
https://truongvietanh.com/tuyen-sinh/thpt/checklist,Câu hỏi thường gặp về chọn trường THPT,SqueezePageLayout,#checklist-thpt-form; LeadFormTwoStepEmailFirst; fc:checklist-thpt,619,2026-04-22,Có thể đổi template (hero|usp|trust|content|form|faq)
https://truongvietanh.com/tuyen-sinh/thpt/dang-ky-som/cam-on,Cảm Ơn – Early Bird THPT | Trường Việt Anh,inline,—,68,2026-04-22,Có thể đổi template (no-slot)
https://truongvietanh.com/tuyen-sinh/thpt/dang-ky-som,Câu hỏi thường gặp về đăng ký sớm THPT Việt Anh,SqueezePageLayout,#early-bird-thpt-form; LeadFormTwoStepEmailFirst; fc:early-bird-thpt,585,2026-04-22,Có thể đổi template (hero|usp|trust|content|form|faq)
https://truongvietanh.com/tuyen-sinh/thpt/du-hoc-profile/cam-on,Cảm Ơn – Du học Profile THPT | Trường Việt Anh,inline,—,67,2026-04-22,Có thể đổi template (no-slot)
https://truongvietanh.com/tuyen-sinh/thpt/du-hoc-profile,Câu hỏi thường gặp về xây dựng hồ sơ du học THPT,SqueezePageLayout,#du-hoc-profile-form; LeadFormTwoStepEmailFirst; fc:du-hoc-thpt,655,2026-04-22,Có thể đổi template (hero|usp|trust|content|form|faq)
https://truongvietanh.com/tuyen-sinh/thpt,"THPT Việt Anh — Làm Rõ Bản Thân, Chọn Đúng Con Đường Tương Lai",SalesPageLayout,#dinh-huong-thpt-form1; #dinh-huong-thpt-form2; LeadFormTwoStepEmailFirst; fc:sales-thpt-dinh-huong; fc:sales-thpt-dinh-huong-2,1327,2026-04-22,Có thể đổi template (hero|stats|pain|features|textimg|quote|pricing|form1|cta|form2|faq)
https://truongvietanh.com/tuyen-sinh/thpt/tham-quan-truong/cam-on,Cảm Ơn – School Tour THPT | Trường Việt Anh,inline,—,66,2026-04-22,Có thể đổi template (no-slot)
https://truongvietanh.com/tuyen-sinh/thpt/tham-quan-truong,Câu hỏi thường gặp về tham quan THPT Việt Anh,SqueezePageLayout,#tour-thpt-form; LeadFormTwoStepEmailFirst; fc:tour-thpt,614,2026-04-22,Có thể đổi template (hero|usp|trust|content|form|faq)
https://truongvietanh.com/tuyen-sinh/tien-tieu-hoc,Tiền Tiểu Học – Chuẩn Bị Đúng Cách Cho Lớp 1,BaseLayout,#tien-tieu-hoc-form; LeadFormTwoStepEmailFirst; fc:tien-tieu-hoc,744,2026-04-22,Có thể đổi template ((default))
https://truongvietanh.com/tuyen-sinh/tieng-anh-tre-em,Tiếng Anh Trẻ Em Việt Anh — Cambridge · Bản Ngữ · Từ 4 Tuổi,SalesPageLayout,#tienganh-sales-form1; #tienganh-sales-form2; LeadFormTwoStepEmailFirst; fc:sales-tieng-anh-tre-em; fc:sales-tieng-anh-tre-em-2,952,2026-04-20,Có thể đổi template (hero|stats|pain|features|textimg|quote|pricing|form1|cta|form2|faq)
https://truongvietanh.com/tuyen-sinh/tieu-hoc/checklist/cam-on,Cảm Ơn – Checklist Tiểu Học | Trường Việt Anh,inline,—,65,2026-04-22,Có thể đổi template (no-slot)
https://truongvietanh.com/tuyen-sinh/tieu-hoc/checklist,Câu hỏi về Checklist chọn trường Tiểu Học,SqueezePageLayout,#checklist-tieu-hoc-form; LeadFormTwoStepEmailFirst; fc:checklist-tieu-hoc,660,2026-04-22,Có thể đổi template (hero|usp|trust|content|form|faq)
https://truongvietanh.com/tuyen-sinh/tieu-hoc/chuong-trinh/cam-on,Cảm Ơn – Chương trình Tiểu Học | Trường Việt Anh,inline,—,66,2026-04-22,Có thể đổi template (no-slot)
https://truongvietanh.com/tuyen-sinh/tieu-hoc/chuong-trinh,Câu hỏi về Chương trình Tiểu Học Song Ngữ,SqueezePageLayout,#chuong-trinh-tieu-hoc-form; LeadFormTwoStepEmailFirst; fc:chuong-trinh-tieu-hoc,687,2026-04-22,Có thể đổi template (hero|usp|trust|content|form|faq)
https://truongvietanh.com/tuyen-sinh/tieu-hoc/dang-ky-som/cam-on,Cảm Ơn – Early Bird Tiểu Học | Trường Việt Anh,inline,—,71,2026-04-22,Có thể đổi template (no-slot)
https://truongvietanh.com/tuyen-sinh/tieu-hoc/dang-ky-som,Câu hỏi về Đăng ký sớm Tiểu Học 2026,SqueezePageLayout,#early-bird-tieu-hoc-form; LeadFormTwoStepEmailFirst; fc:early-bird-tieu-hoc,683,2026-04-22,Có thể đổi template (hero|usp|trust|content|form|faq)
https://truongvietanh.com/tuyen-sinh/tieu-hoc,"Tiểu Học Việt Anh — Làm Chủ Việc Học, Làm Chủ Tiếng Anh, Làm Chủ Chính Mình",SalesPageLayout,#tu-hoc-tieu-hoc-form1; #tu-hoc-tieu-hoc-form2; LeadFormTwoStepEmailFirst; fc:sales-tieu-hoc-tu-hoc; fc:sales-tieu-hoc-tu-hoc-2,1420,2026-04-22,Có thể đổi template (hero|stats|pain|features|textimg|quote|pricing|form1|cta|form2|faq)
https://truongvietanh.com/tuyen-sinh/tieu-hoc/so-sanh/cam-on,Cảm Ơn – So sánh Tiểu Học | Trường Việt Anh,inline,—,63,2026-04-22,Có thể đổi template (no-slot)
https://truongvietanh.com/tuyen-sinh/tieu-hoc/so-sanh,Câu hỏi về So sánh trường Tiểu Học,SqueezePageLayout,#so-sanh-tieu-hoc-form; LeadFormTwoStepEmailFirst; fc:so-sanh-tieu-hoc,637,2026-04-22,Có thể đổi template (hero|usp|trust|content|form|faq)
https://truongvietanh.com/tuyen-sinh/tieu-hoc/tham-quan-truong/cam-on,Cảm Ơn – School Tour Tiểu Học | Trường Việt Anh,inline,—,68,2026-04-22,Có thể đổi template (no-slot)
https://truongvietanh.com/tuyen-sinh/tieu-hoc/tham-quan-truong,Câu hỏi về Tham quan Trường Tiểu Học,SqueezePageLayout,#tour-tieu-hoc-form; LeadFormTwoStepEmailFirst; fc:tour-tieu-hoc,668,2026-04-22,Có thể đổi template (hero|usp|trust|content|form|faq)
https://truongvietanh.com/tuyen-sinh/toan-tu-duy-sam,Toán SAM – Toán Tư Duy Singapore Cho Trẻ Em Việt Nam,BaseLayout,#toan-tu-duy-sam-form; LeadFormTwoStepEmailFirst; fc:toan-tu-duy-sam,742,2026-04-22,Có thể đổi template ((default))
https://truongvietanh.com/tuyen-sinh/toan-tu-duy,Toán Tư Duy Việt Anh — Logic · STEM · Từ 5 Tuổi,SalesPageLayout,#toan-sales-form1; #toan-sales-form2; LeadFormTwoStepEmailFirst; fc:sales-toan-tu-duy; fc:sales-toan-tu-duy-2,985,2026-04-16,Có thể đổi template (hero|stats|pain|features|textimg|quote|pricing|form1|cta|form2|faq)
https://truongvietanh.com/tuyen-sinh/trai-he-thcs-2026,Lion Camp 2026 THCS — 6 Tuần Dẫn Dắt Tuổi Dậy Thì Đúng Cách,SalesPageLayout,#lion-camp-thcs-form1; #lion-camp-thcs-form2; LeadFormTwoStepEmailFirst; fc:lion-camp-2026-thcs; fc:lion-camp-2026-thcs-2,938,2026-04-22,Có thể đổi template (hero|stats|pain|features|textimg|quote|pricing|form1|cta|form2|faq)
https://truongvietanh.com/tuyen-sinh/trai-he-thpt-2026,"Lion Camp 2026 THPT — 6 Tuần Làm Rõ Bản Thân, Chọn Đúng Hướng Tương Lai",SalesPageLayout,#lion-camp-thpt-form1; #lion-camp-thpt-form2; LeadFormTwoStepEmailFirst; fc:lion-camp-2026-thpt; fc:lion-camp-2026-thpt-2,943,2026-04-22,Có thể đổi template (hero|stats|pain|features|textimg|quote|pricing|form1|cta|form2|faq)
https://truongvietanh.com/tuyen-sinh/trai-he-tieu-hoc-2026,"Lion Camp 2026 Tiểu Học — 6 Tuần Tự Lập, Tự Tin, Biết Cách Sống",SalesPageLayout,#lion-camp-tieu-hoc-form1; #lion-camp-tieu-hoc-form2; LeadFormTwoStepEmailFirst; fc:lion-camp-2026-tieu-hoc; fc:lion-camp-2026-tieu-hoc-2,941,2026-04-22,Có thể đổi template (hero|stats|pain|features|textimg|quote|pricing|form1|cta|form2|faq)
https://truongvietanh.com/tuyen-sinh/trai-he,Trại Hè Lion Camp — Kỹ Năng Lãnh Đạo · Tiếng Anh · Phiêu Lưu,SalesPageLayout,#trai-he-sales-form1; #trai-he-sales-form2; LeadFormTwoStepEmailFirst; fc:sales-trai-he; fc:sales-trai-he-2,1040,2026-04-20,Có thể đổi template (hero|stats|pain|features|textimg|quote|pricing|form1|cta|form2|faq)
https://truongvietanh.com/v2/[...slug],,inline,—,0,2026-04-15,dynamic · dev/internal · Có thể đổi template (no-slot)
https://truongvietanh.com/v2/demo,,inline,—,0,2026-04-15,dev/internal · Có thể đổi template (no-slot)