Form,Pages Count,Pages
#ap-luc-thi-form,1,https://truongvietanh.com/tuyen-sinh/thpt/ap-luc-thi
#ban-linh-thcs-form1,1,https://truongvietanh.com/tuyen-sinh/thcs
#ban-linh-thcs-form2,1,https://truongvietanh.com/tuyen-sinh/thcs
#ban-nang-mam-non-form1,1,https://truongvietanh.com/tuyen-sinh/mam-non
#ban-nang-mam-non-form2,1,https://truongvietanh.com/tuyen-sinh/mam-non
#blog-lead-form,1,https://truongvietanh.com/blog/[slug]
#brochure-form,1,https://truongvietanh.com/
#cap-hoc-bottom-form,1,https://truongvietanh.com/cap-hoc
#cap-hoc-form,1,https://truongvietanh.com/cap-hoc
#checklist-mn-form1,1,https://truongvietanh.com/tai-nguyen/checklist-chon-truong-mam-non
#checklist-mn-form2,1,https://truongvietanh.com/tai-nguyen/checklist-chon-truong-mam-non
#checklist-thcs-form,1,https://truongvietanh.com/tuyen-sinh/thcs/checklist
#checklist-thpt-form,1,https://truongvietanh.com/tuyen-sinh/thpt/checklist
#checklist-tieu-hoc-form,1,https://truongvietanh.com/tuyen-sinh/tieu-hoc/checklist
#chon-truong-mam-non-form,1,https://truongvietanh.com/chon-truong-mam-non
#chuong-trinh-tieu-hoc-form,1,https://truongvietanh.com/tuyen-sinh/tieu-hoc/chuong-trinh
#chuyen-cap-thcs-form,1,https://truongvietanh.com/tuyen-sinh/thcs/chuyen-cap
#co-so-bottom-form,1,https://truongvietanh.com/co-so
#co-so-form,1,https://truongvietanh.com/co-so
#danh-gia-form,1,https://truongvietanh.com/danh-gia-cua-phu-huynh
#dinh-huong-thpt-form1,1,https://truongvietanh.com/tuyen-sinh/thpt
#dinh-huong-thpt-form2,1,https://truongvietanh.com/tuyen-sinh/thpt
#du-hoc-profile-form,1,https://truongvietanh.com/tuyen-sinh/thpt/du-hoc-profile
#early-bird-thcs-form,1,https://truongvietanh.com/tuyen-sinh/thcs/dang-ky-som
#early-bird-thpt-form,1,https://truongvietanh.com/tuyen-sinh/thpt/dang-ky-som
#early-bird-tieu-hoc-form,1,https://truongvietanh.com/tuyen-sinh/tieu-hoc/dang-ky-som
#giai-ma-tiem-nang-form,1,https://truongvietanh.com/giai-ma-tiem-nang
#gioi-thieu-bottom-form,1,https://truongvietanh.com/gioi-thieu
#gioi-thieu-form,1,https://truongvietanh.com/gioi-thieu
#hero-checklist,1,https://truongvietanh.com/squeeze/checklist-chon-truong
#hinh-anh-form,1,https://truongvietanh.com/hinh-anh
#hoc-bong-form,1,https://truongvietanh.com/hoc-bong
#hoc-phi-bottom-form,1,https://truongvietanh.com/hoc-phi
#hoc-phi-form,1,https://truongvietanh.com/hoc-phi
#homepage-brochure-form,1,https://truongvietanh.com/
#lien-he-bottom-form,1,https://truongvietanh.com/lien-he
#lien-he-form,1,https://truongvietanh.com/lien-he
#lion-camp-thcs-form1,1,https://truongvietanh.com/tuyen-sinh/trai-he-thcs-2026
#lion-camp-thcs-form2,1,https://truongvietanh.com/tuyen-sinh/trai-he-thcs-2026
#lion-camp-thpt-form1,1,https://truongvietanh.com/tuyen-sinh/trai-he-thpt-2026
#lion-camp-thpt-form2,1,https://truongvietanh.com/tuyen-sinh/trai-he-thpt-2026
#lion-camp-tieu-hoc-form1,1,https://truongvietanh.com/tuyen-sinh/trai-he-tieu-hoc-2026
#lion-camp-tieu-hoc-form2,1,https://truongvietanh.com/tuyen-sinh/trai-he-tieu-hoc-2026
#livestream-thcs-form,1,https://truongvietanh.com/tuyen-sinh/thcs/livestream
#mam-non-pillar-form,1,https://truongvietanh.com/mam-non
#ngoai-khoa-bottom-form,1,https://truongvietanh.com/ngoai-khoa
#ngoai-khoa-form,1,https://truongvietanh.com/ngoai-khoa
#pdr-bottom-form,1,https://truongvietanh.com/he-thong-pdr
#pdr-form,1,https://truongvietanh.com/he-thong-pdr
#phu-huynh-bottom-form,1,https://truongvietanh.com/phu-huynh
#phu-huynh-form,1,https://truongvietanh.com/phu-huynh
#sieu-an-gioi-form,1,https://truongvietanh.com/sieu-an-gioi
#so-sanh-form,1,https://truongvietanh.com/so-sanh
#so-sanh-tieu-hoc-form,1,https://truongvietanh.com/tuyen-sinh/tieu-hoc/so-sanh
#squeeze-form,6,https://truongvietanh.com/[trai_he_slug] | https://truongvietanh.com/squeeze/checklist-chon-truong | https://truongvietanh.com/squeeze/ebook-lo-trinh-lop-10 | https://truongvietanh.com/squeeze/hoc-thu-mien-phi | https://truongvietanh.com/squeeze/livestream-phu-huynh | https://truongvietanh.com/squeeze/test-nang-luc
#thanh-tich-bottom-form,1,https://truongvietanh.com/thanh-tich
#thanh-tich-form,1,https://truongvietanh.com/thanh-tich
#thcs-bottom-form,1,https://truongvietanh.com/trung-hoc-co-so
#thcs-form,1,https://truongvietanh.com/trung-hoc-co-so
#thcs-pillar-form,1,https://truongvietanh.com/thcs
#thpt-bottom-form,1,https://truongvietanh.com/trung-hoc-pho-thong
#thpt-form,1,https://truongvietanh.com/trung-hoc-pho-thong
#thpt-pillar-form,1,https://truongvietanh.com/thpt
#tien-tieu-hoc-form,1,https://truongvietanh.com/tuyen-sinh/tien-tieu-hoc
#tienganh-sales-form1,1,https://truongvietanh.com/tuyen-sinh/tieng-anh-tre-em
#tienganh-sales-form2,1,https://truongvietanh.com/tuyen-sinh/tieng-anh-tre-em
#tieu-hoc-pillar-form,1,https://truongvietanh.com/tieu-hoc
#tin-tuc-form,1,https://truongvietanh.com/tin-tuc
#toan-sales-form1,1,https://truongvietanh.com/tuyen-sinh/toan-tu-duy
#toan-sales-form2,1,https://truongvietanh.com/tuyen-sinh/toan-tu-duy
#toan-tu-duy-sam-form,1,https://truongvietanh.com/tuyen-sinh/toan-tu-duy-sam
#tour-thcs-form,1,https://truongvietanh.com/tuyen-sinh/thcs/tham-quan-truong
#tour-thpt-form,1,https://truongvietanh.com/tuyen-sinh/thpt/tham-quan-truong
#tour-tieu-hoc-form,1,https://truongvietanh.com/tuyen-sinh/tieu-hoc/tham-quan-truong
#trai-he-2026-pillar-form,1,https://truongvietanh.com/trai-he-2026
#trai-he-sales-form1,1,https://truongvietanh.com/tuyen-sinh/trai-he
#trai-he-sales-form2,1,https://truongvietanh.com/tuyen-sinh/trai-he
#triet-ly-bottom-form,1,https://truongvietanh.com/triet-ly-giao-duc
#triet-ly-form,1,https://truongvietanh.com/triet-ly-giao-duc
#tu-hoc-tieu-hoc-form1,1,https://truongvietanh.com/tuyen-sinh/tieu-hoc
#tu-hoc-tieu-hoc-form2,1,https://truongvietanh.com/tuyen-sinh/tieu-hoc
#tuyen-sinh-bottom-form,1,https://truongvietanh.com/tuyen-sinh
#tuyen-sinh-form,1,https://truongvietanh.com/tuyen-sinh
LeadFormTwoStepEmailFirst,65,https://truongvietanh.com/[trai_he_slug] | https://truongvietanh.com/blog/[slug] | https://truongvietanh.com/cap-hoc | https://truongvietanh.com/chon-truong-mam-non | https://truongvietanh.com/chon-truong-thcs | https://truongvietanh.com/chon-truong-thpt | https://truongvietanh.com/chon-truong-tieu-hoc | https://truongvietanh.com/co-so | https://truongvietanh.com/danh-gia-cua-phu-huynh | https://truongvietanh.com/giai-ma-tiem-nang | https://truongvietanh.com/gioi-thieu | https://truongvietanh.com/he-thong-pdr | https://truongvietanh.com/hinh-anh | https://truongvietanh.com/hoc-bong | https://truongvietanh.com/hoc-phi | https://truongvietanh.com/ | https://truongvietanh.com/lien-he | https://truongvietanh.com/mam-non | https://truongvietanh.com/ngoai-khoa | https://truongvietanh.com/phu-huynh | https://truongvietanh.com/sieu-an-gioi | https://truongvietanh.com/so-sanh | https://truongvietanh.com/squeeze/checklist-chon-truong | https://truongvietanh.com/squeeze/ebook-lo-trinh-lop-10 | https://truongvietanh.com/squeeze/hoc-thu-mien-phi | https://truongvietanh.com/squeeze/livestream-phu-huynh | https://truongvietanh.com/squeeze/test-nang-luc | https://truongvietanh.com/tai-nguyen/checklist-chon-truong-mam-non | https://truongvietanh.com/thanh-tich | https://truongvietanh.com/thcs | https://truongvietanh.com/thpt | https://truongvietanh.com/tieu-hoc | https://truongvietanh.com/tin-tuc | https://truongvietanh.com/trai-he-2026 | https://truongvietanh.com/triet-ly-giao-duc | https://truongvietanh.com/trung-hoc-co-so | https://truongvietanh.com/trung-hoc-pho-thong | https://truongvietanh.com/tuyen-sinh | https://truongvietanh.com/tuyen-sinh/mam-non | https://truongvietanh.com/tuyen-sinh/thcs/checklist | https://truongvietanh.com/tuyen-sinh/thcs/chuyen-cap | https://truongvietanh.com/tuyen-sinh/thcs/dang-ky-som | https://truongvietanh.com/tuyen-sinh/thcs | https://truongvietanh.com/tuyen-sinh/thcs/livestream | https://truongvietanh.com/tuyen-sinh/thcs/tham-quan-truong | https://truongvietanh.com/tuyen-sinh/thpt/ap-luc-thi | https://truongvietanh.com/tuyen-sinh/thpt/checklist | https://truongvietanh.com/tuyen-sinh/thpt/dang-ky-som | https://truongvietanh.com/tuyen-sinh/thpt/du-hoc-profile | https://truongvietanh.com/tuyen-sinh/thpt | https://truongvietanh.com/tuyen-sinh/thpt/tham-quan-truong | https://truongvietanh.com/tuyen-sinh/tien-tieu-hoc | https://truongvietanh.com/tuyen-sinh/tieng-anh-tre-em | https://truongvietanh.com/tuyen-sinh/tieu-hoc/checklist | https://truongvietanh.com/tuyen-sinh/tieu-hoc/chuong-trinh | https://truongvietanh.com/tuyen-sinh/tieu-hoc/dang-ky-som | https://truongvietanh.com/tuyen-sinh/tieu-hoc | https://truongvietanh.com/tuyen-sinh/tieu-hoc/so-sanh | https://truongvietanh.com/tuyen-sinh/tieu-hoc/tham-quan-truong | https://truongvietanh.com/tuyen-sinh/toan-tu-duy-sam | https://truongvietanh.com/tuyen-sinh/toan-tu-duy | https://truongvietanh.com/tuyen-sinh/trai-he-thcs-2026 | https://truongvietanh.com/tuyen-sinh/trai-he-thpt-2026 | https://truongvietanh.com/tuyen-sinh/trai-he-tieu-hoc-2026 | https://truongvietanh.com/tuyen-sinh/trai-he
QuizFunnel,1,https://truongvietanh.com/[trai_he_slug]
fc:ap-luc-thi-thpt,1,https://truongvietanh.com/tuyen-sinh/thpt/ap-luc-thi
fc:blog-listing,1,https://truongvietanh.com/tin-tuc
fc:blog-post,1,https://truongvietanh.com/blog/[slug]
fc:brochure-homepage,1,https://truongvietanh.com/
fc:cap-hoc-bottom,1,https://truongvietanh.com/cap-hoc
fc:cap-hoc-pillar,1,https://truongvietanh.com/cap-hoc
fc:checklist-thcs,1,https://truongvietanh.com/tuyen-sinh/thcs/checklist
fc:checklist-thpt,1,https://truongvietanh.com/tuyen-sinh/thpt/checklist
fc:checklist-tieu-hoc,1,https://truongvietanh.com/tuyen-sinh/tieu-hoc/checklist
fc:chon-truong-mam-non,1,https://truongvietanh.com/chon-truong-mam-non
fc:chuong-trinh-tieu-hoc,1,https://truongvietanh.com/tuyen-sinh/tieu-hoc/chuong-trinh
fc:chuyen-cap-thcs,1,https://truongvietanh.com/tuyen-sinh/thcs/chuyen-cap
fc:co-so-bottom,1,https://truongvietanh.com/co-so
fc:co-so-pillar,1,https://truongvietanh.com/co-so
fc:comparison,1,https://truongvietanh.com/so-sanh
fc:cong-vien-giao-duc,1,https://truongvietanh.com/tuyen-sinh/cong-vien-giao-duc
fc:cong-vien-giao-duc-thankyou,1,https://truongvietanh.com/tuyen-sinh/cong-vien-giao-duc/cam-on
fc:danh-gia-pillar,1,https://truongvietanh.com/danh-gia-cua-phu-huynh
fc:du-hoc-thpt,1,https://truongvietanh.com/tuyen-sinh/thpt/du-hoc-profile
fc:early-bird-thcs,1,https://truongvietanh.com/tuyen-sinh/thcs/dang-ky-som
fc:early-bird-thpt,1,https://truongvietanh.com/tuyen-sinh/thpt/dang-ky-som
fc:early-bird-tieu-hoc,1,https://truongvietanh.com/tuyen-sinh/tieu-hoc/dang-ky-som
fc:gallery,1,https://truongvietanh.com/hinh-anh
fc:giai-ma-tiem-nang,1,https://truongvietanh.com/giai-ma-tiem-nang
fc:gioi-thieu-bottom,1,https://truongvietanh.com/gioi-thieu
fc:gioi-thieu-pillar,1,https://truongvietanh.com/gioi-thieu
fc:hoc-phi-bottom,1,https://truongvietanh.com/hoc-phi
fc:hoc-phi-pillar,1,https://truongvietanh.com/hoc-phi
fc:home-brochure,1,https://truongvietanh.com/
fc:lien-he-bottom,1,https://truongvietanh.com/lien-he
fc:lien-he-page,1,https://truongvietanh.com/lien-he
fc:lion-camp-2026-thcs,1,https://truongvietanh.com/tuyen-sinh/trai-he-thcs-2026
fc:lion-camp-2026-thcs-2,1,https://truongvietanh.com/tuyen-sinh/trai-he-thcs-2026
fc:lion-camp-2026-thpt,1,https://truongvietanh.com/tuyen-sinh/trai-he-thpt-2026
fc:lion-camp-2026-thpt-2,1,https://truongvietanh.com/tuyen-sinh/trai-he-thpt-2026
fc:lion-camp-2026-tieu-hoc,1,https://truongvietanh.com/tuyen-sinh/trai-he-tieu-hoc-2026
fc:lion-camp-2026-tieu-hoc-2,1,https://truongvietanh.com/tuyen-sinh/trai-he-tieu-hoc-2026
fc:livestream-thcs,1,https://truongvietanh.com/tuyen-sinh/thcs/livestream
fc:mam-non-pillar,1,https://truongvietanh.com/mam-non
fc:ngoai-khoa-bottom,1,https://truongvietanh.com/ngoai-khoa
fc:ngoai-khoa-pillar,1,https://truongvietanh.com/ngoai-khoa
fc:pdr-bottom,1,https://truongvietanh.com/he-thong-pdr
fc:pdr-pillar,1,https://truongvietanh.com/he-thong-pdr
fc:phu-huynh-bottom,1,https://truongvietanh.com/phu-huynh
fc:phu-huynh-pillar,1,https://truongvietanh.com/phu-huynh
fc:sales-mam-non-ban-nang,1,https://truongvietanh.com/tuyen-sinh/mam-non
fc:sales-mam-non-ban-nang-2,1,https://truongvietanh.com/tuyen-sinh/mam-non
fc:sales-thcs-ban-linh,1,https://truongvietanh.com/tuyen-sinh/thcs
fc:sales-thcs-ban-linh-2,1,https://truongvietanh.com/tuyen-sinh/thcs
fc:sales-thpt-dinh-huong,1,https://truongvietanh.com/tuyen-sinh/thpt
fc:sales-thpt-dinh-huong-2,1,https://truongvietanh.com/tuyen-sinh/thpt
fc:sales-tieng-anh-tre-em,1,https://truongvietanh.com/tuyen-sinh/tieng-anh-tre-em
fc:sales-tieng-anh-tre-em-2,1,https://truongvietanh.com/tuyen-sinh/tieng-anh-tre-em
fc:sales-tieu-hoc-tu-hoc,1,https://truongvietanh.com/tuyen-sinh/tieu-hoc
fc:sales-tieu-hoc-tu-hoc-2,1,https://truongvietanh.com/tuyen-sinh/tieu-hoc
fc:sales-toan-tu-duy,1,https://truongvietanh.com/tuyen-sinh/toan-tu-duy
fc:sales-toan-tu-duy-2,1,https://truongvietanh.com/tuyen-sinh/toan-tu-duy
fc:sales-trai-he,1,https://truongvietanh.com/tuyen-sinh/trai-he
fc:sales-trai-he-2,1,https://truongvietanh.com/tuyen-sinh/trai-he
fc:scholarship,1,https://truongvietanh.com/hoc-bong
fc:sieu-an-gioi,1,https://truongvietanh.com/sieu-an-gioi
fc:so-sanh-tieu-hoc,1,https://truongvietanh.com/tuyen-sinh/tieu-hoc/so-sanh
fc:squeeze-checklist,1,https://truongvietanh.com/squeeze/checklist-chon-truong
fc:squeeze-checklist-mn,1,https://truongvietanh.com/tai-nguyen/checklist-chon-truong-mam-non
fc:squeeze-checklist-mn-2,1,https://truongvietanh.com/tai-nguyen/checklist-chon-truong-mam-non
fc:squeeze-ebook-lo-trinh,1,https://truongvietanh.com/squeeze/ebook-lo-trinh-lop-10
fc:squeeze-hoc-thu,1,https://truongvietanh.com/squeeze/hoc-thu-mien-phi
fc:squeeze-livestream,1,https://truongvietanh.com/squeeze/livestream-phu-huynh
fc:squeeze-test-nang-luc,1,https://truongvietanh.com/squeeze/test-nang-luc
fc:thanh-tich-bottom,1,https://truongvietanh.com/thanh-tich
fc:thanh-tich-pillar,1,https://truongvietanh.com/thanh-tich
fc:thcs-bottom,1,https://truongvietanh.com/trung-hoc-co-so
fc:thcs-pillar,2,https://truongvietanh.com/thcs | https://truongvietanh.com/trung-hoc-co-so
fc:thpt-bottom,1,https://truongvietanh.com/trung-hoc-pho-thong
fc:thpt-pillar,2,https://truongvietanh.com/thpt | https://truongvietanh.com/trung-hoc-pho-thong
fc:tien-tieu-hoc,1,https://truongvietanh.com/tuyen-sinh/tien-tieu-hoc
fc:tieu-hoc-pillar,1,https://truongvietanh.com/tieu-hoc
fc:toan-tu-duy-sam,1,https://truongvietanh.com/tuyen-sinh/toan-tu-duy-sam
fc:tour-thcs,1,https://truongvietanh.com/tuyen-sinh/thcs/tham-quan-truong
fc:tour-thpt,1,https://truongvietanh.com/tuyen-sinh/thpt/tham-quan-truong
fc:tour-tieu-hoc,1,https://truongvietanh.com/tuyen-sinh/tieu-hoc/tham-quan-truong
fc:trai-he-2026-pillar,1,https://truongvietanh.com/trai-he-2026
fc:triet-ly-giao-duc-bottom,1,https://truongvietanh.com/triet-ly-giao-duc
fc:triet-ly-giao-duc-pillar,1,https://truongvietanh.com/triet-ly-giao-duc
fc:tuyen-sinh-bottom,1,https://truongvietanh.com/tuyen-sinh
fc:tuyen-sinh-pillar,1,https://truongvietanh.com/tuyen-sinh
fc:vsl-thcs-binh-tan,2,https://truongvietanh.com/trai-he-thcs-binh-tan-vsl | https://truongvietanh.com/trai-he-thcs-binh-tan-vsl/cam-on
fc:vsl-thcs-go-vap,2,https://truongvietanh.com/trai-he-thcs-go-vap-vsl | https://truongvietanh.com/trai-he-thcs-go-vap-vsl/cam-on
fc:vsl-thpt-binh-tan,2,https://truongvietanh.com/trai-he-thpt-binh-tan-vsl | https://truongvietanh.com/trai-he-thpt-binh-tan-vsl/cam-on
fc:vsl-thpt-go-vap,2,https://truongvietanh.com/trai-he-thpt-go-vap-vsl | https://truongvietanh.com/trai-he-thpt-go-vap-vsl/cam-on
fc:vsl-tieu-hoc-binh-tan,2,https://truongvietanh.com/trai-he-tieu-hoc-binh-tan-vsl | https://truongvietanh.com/trai-he-tieu-hoc-binh-tan-vsl/cam-on
fc:vsl-tieu-hoc-can-giuoc,2,https://truongvietanh.com/trai-he-tieu-hoc-can-giuoc-vsl | https://truongvietanh.com/trai-he-tieu-hoc-can-giuoc-vsl/cam-on
fc:vsl-tieu-hoc-go-vap,2,https://truongvietanh.com/trai-he-tieu-hoc-go-vap-vsl | https://truongvietanh.com/trai-he-tieu-hoc-go-vap-vsl/cam-on
fc:vsl-tieu-hoc-rach-gia,2,https://truongvietanh.com/trai-he-tieu-hoc-rach-gia-vsl | https://truongvietanh.com/trai-he-tieu-hoc-rach-gia-vsl/cam-on