Campaign,Ad Set,Ad Name,Format,Theme,Primary Text Hook,Headline,CTA Button,Landing URL
GV_TH_Quiz_LionCamp_2026,GV_TH_Quiz_Broad,GV_TH_Quiz_TH_AD01_Pain,Single Video 9:16 + Square 1:1 (Dynamic),Pain,Mùa hè này con bạn sẽ làm gì? Ở nhà với điện thoại?,Hè Vàng — Đừng để lãng phí,Đăng ký ngay,https://truongvietanh.com/lioncamp/quiz?utm_source=fb&utm_campaign=GV_TH_Quiz_LionCamp_2026
GV_TH_Quiz_LionCamp_2026,GV_TH_Quiz_Interest,GV_TH_Quiz_TH_AD01_Pain,Single Video 9:16 + Square 1:1 (Dynamic),Pain,Mùa hè này con bạn sẽ làm gì? Ở nhà với điện thoại?,Hè Vàng — Đừng để lãng phí,Đăng ký ngay,https://truongvietanh.com/lioncamp/quiz?utm_source=fb&utm_campaign=GV_TH_Quiz_LionCamp_2026
GV_TH_Quiz_LionCamp_2026,GV_TH_Quiz_LAL,GV_TH_Quiz_TH_AD01_Pain,Single Video 9:16 + Square 1:1 (Dynamic),Pain,Mùa hè này con bạn sẽ làm gì? Ở nhà với điện thoại?,Hè Vàng — Đừng để lãng phí,Đăng ký ngay,https://truongvietanh.com/lioncamp/quiz?utm_source=fb&utm_campaign=GV_TH_Quiz_LionCamp_2026
GV_TH_Quiz_LionCamp_2026,GV_TH_Quiz_RMK,GV_TH_Quiz_TH_AD01_Pain,Single Video 9:16 + Square 1:1 (Dynamic),Pain,Mùa hè này con bạn sẽ làm gì? Ở nhà với điện thoại?,Hè Vàng — Đừng để lãng phí,Đăng ký ngay,https://truongvietanh.com/lioncamp/quiz?utm_source=fb&utm_campaign=GV_TH_Quiz_LionCamp_2026
BT_TH_Quiz_LionCamp_2026,BT_TH_Quiz_Broad,BT_TH_Quiz_TH_AD01_Pain,Single Video 9:16 + Square 1:1 (Dynamic),Pain,Mùa hè này con bạn sẽ làm gì? Ở nhà với điện thoại?,Hè Vàng — Đừng để lãng phí,Đăng ký ngay,https://truongvietanh.com/lioncamp/quiz?utm_source=fb&utm_campaign=BT_TH_Quiz_LionCamp_2026
BT_TH_Quiz_LionCamp_2026,BT_TH_Quiz_Interest,BT_TH_Quiz_TH_AD01_Pain,Single Video 9:16 + Square 1:1 (Dynamic),Pain,Mùa hè này con bạn sẽ làm gì? Ở nhà với điện thoại?,Hè Vàng — Đừng để lãng phí,Đăng ký ngay,https://truongvietanh.com/lioncamp/quiz?utm_source=fb&utm_campaign=BT_TH_Quiz_LionCamp_2026
BT_TH_Quiz_LionCamp_2026,BT_TH_Quiz_LAL,BT_TH_Quiz_TH_AD01_Pain,Single Video 9:16 + Square 1:1 (Dynamic),Pain,Mùa hè này con bạn sẽ làm gì? Ở nhà với điện thoại?,Hè Vàng — Đừng để lãng phí,Đăng ký ngay,https://truongvietanh.com/lioncamp/quiz?utm_source=fb&utm_campaign=BT_TH_Quiz_LionCamp_2026
BT_TH_Quiz_LionCamp_2026,BT_TH_Quiz_RMK,BT_TH_Quiz_TH_AD01_Pain,Single Video 9:16 + Square 1:1 (Dynamic),Pain,Mùa hè này con bạn sẽ làm gì? Ở nhà với điện thoại?,Hè Vàng — Đừng để lãng phí,Đăng ký ngay,https://truongvietanh.com/lioncamp/quiz?utm_source=fb&utm_campaign=BT_TH_Quiz_LionCamp_2026
CL_TH_Quiz_LionCamp_2026,CL_TH_Quiz_Broad,CL_TH_Quiz_TH_AD01_Pain,Single Video 9:16 + Square 1:1 (Dynamic),Pain,Mùa hè này con bạn sẽ làm gì? Ở nhà với điện thoại?,Hè Vàng — Đừng để lãng phí,Đăng ký ngay,https://truongvietanh.com/lioncamp/quiz?utm_source=fb&utm_campaign=CL_TH_Quiz_LionCamp_2026
CL_TH_Quiz_LionCamp_2026,CL_TH_Quiz_Interest,CL_TH_Quiz_TH_AD01_Pain,Single Video 9:16 + Square 1:1 (Dynamic),Pain,Mùa hè này con bạn sẽ làm gì? Ở nhà với điện thoại?,Hè Vàng — Đừng để lãng phí,Đăng ký ngay,https://truongvietanh.com/lioncamp/quiz?utm_source=fb&utm_campaign=CL_TH_Quiz_LionCamp_2026
CL_TH_Quiz_LionCamp_2026,CL_TH_Quiz_LAL,CL_TH_Quiz_TH_AD01_Pain,Single Video 9:16 + Square 1:1 (Dynamic),Pain,Mùa hè này con bạn sẽ làm gì? Ở nhà với điện thoại?,Hè Vàng — Đừng để lãng phí,Đăng ký ngay,https://truongvietanh.com/lioncamp/quiz?utm_source=fb&utm_campaign=CL_TH_Quiz_LionCamp_2026
CL_TH_Quiz_LionCamp_2026,CL_TH_Quiz_RMK,CL_TH_Quiz_TH_AD01_Pain,Single Video 9:16 + Square 1:1 (Dynamic),Pain,Mùa hè này con bạn sẽ làm gì? Ở nhà với điện thoại?,Hè Vàng — Đừng để lãng phí,Đăng ký ngay,https://truongvietanh.com/lioncamp/quiz?utm_source=fb&utm_campaign=CL_TH_Quiz_LionCamp_2026
RG_TH_Quiz_LionCamp_2026,RG_TH_Quiz_Broad,RG_TH_Quiz_TH_AD01_Pain,Single Video 9:16 + Square 1:1 (Dynamic),Pain,Mùa hè này con bạn sẽ làm gì? Ở nhà với điện thoại?,Hè Vàng — Đừng để lãng phí,Đăng ký ngay,https://truongvietanh.com/lioncamp/quiz?utm_source=fb&utm_campaign=RG_TH_Quiz_LionCamp_2026
RG_TH_Quiz_LionCamp_2026,RG_TH_Quiz_Interest,RG_TH_Quiz_TH_AD01_Pain,Single Video 9:16 + Square 1:1 (Dynamic),Pain,Mùa hè này con bạn sẽ làm gì? Ở nhà với điện thoại?,Hè Vàng — Đừng để lãng phí,Đăng ký ngay,https://truongvietanh.com/lioncamp/quiz?utm_source=fb&utm_campaign=RG_TH_Quiz_LionCamp_2026
RG_TH_Quiz_LionCamp_2026,RG_TH_Quiz_LAL,RG_TH_Quiz_TH_AD01_Pain,Single Video 9:16 + Square 1:1 (Dynamic),Pain,Mùa hè này con bạn sẽ làm gì? Ở nhà với điện thoại?,Hè Vàng — Đừng để lãng phí,Đăng ký ngay,https://truongvietanh.com/lioncamp/quiz?utm_source=fb&utm_campaign=RG_TH_Quiz_LionCamp_2026
RG_TH_Quiz_LionCamp_2026,RG_TH_Quiz_RMK,RG_TH_Quiz_TH_AD01_Pain,Single Video 9:16 + Square 1:1 (Dynamic),Pain,Mùa hè này con bạn sẽ làm gì? Ở nhà với điện thoại?,Hè Vàng — Đừng để lãng phí,Đăng ký ngay,https://truongvietanh.com/lioncamp/quiz?utm_source=fb&utm_campaign=RG_TH_Quiz_LionCamp_2026
GV_TH_VSL_LionCamp_2026,GV_TH_VSL_Broad,GV_TH_VSL_TH_AD02_Outcome,Single Video 9:16 + Square 1:1 (Dynamic),Outcome,4 tuần — con tự tin giao tiếp tiếng Anh cơ bản,Trại hè Lion Camp Tiểu học,Tìm hiểu thêm,https://truongvietanh.com/lioncamp/vsl?utm_source=fb&utm_campaign=GV_TH_VSL_LionCamp_2026
GV_TH_VSL_LionCamp_2026,GV_TH_VSL_Interest,GV_TH_VSL_TH_AD02_Outcome,Single Video 9:16 + Square 1:1 (Dynamic),Outcome,4 tuần — con tự tin giao tiếp tiếng Anh cơ bản,Trại hè Lion Camp Tiểu học,Tìm hiểu thêm,https://truongvietanh.com/lioncamp/vsl?utm_source=fb&utm_campaign=GV_TH_VSL_LionCamp_2026
GV_TH_VSL_LionCamp_2026,GV_TH_VSL_LAL,GV_TH_VSL_TH_AD02_Outcome,Single Video 9:16 + Square 1:1 (Dynamic),Outcome,4 tuần — con tự tin giao tiếp tiếng Anh cơ bản,Trại hè Lion Camp Tiểu học,Tìm hiểu thêm,https://truongvietanh.com/lioncamp/vsl?utm_source=fb&utm_campaign=GV_TH_VSL_LionCamp_2026
GV_TH_VSL_LionCamp_2026,GV_TH_VSL_RMK,GV_TH_VSL_TH_AD02_Outcome,Single Video 9:16 + Square 1:1 (Dynamic),Outcome,4 tuần — con tự tin giao tiếp tiếng Anh cơ bản,Trại hè Lion Camp Tiểu học,Tìm hiểu thêm,https://truongvietanh.com/lioncamp/vsl?utm_source=fb&utm_campaign=GV_TH_VSL_LionCamp_2026
BT_TH_VSL_LionCamp_2026,BT_TH_VSL_Broad,BT_TH_VSL_TH_AD02_Outcome,Single Video 9:16 + Square 1:1 (Dynamic),Outcome,4 tuần — con tự tin giao tiếp tiếng Anh cơ bản,Trại hè Lion Camp Tiểu học,Tìm hiểu thêm,https://truongvietanh.com/lioncamp/vsl?utm_source=fb&utm_campaign=BT_TH_VSL_LionCamp_2026
BT_TH_VSL_LionCamp_2026,BT_TH_VSL_Interest,BT_TH_VSL_TH_AD02_Outcome,Single Video 9:16 + Square 1:1 (Dynamic),Outcome,4 tuần — con tự tin giao tiếp tiếng Anh cơ bản,Trại hè Lion Camp Tiểu học,Tìm hiểu thêm,https://truongvietanh.com/lioncamp/vsl?utm_source=fb&utm_campaign=BT_TH_VSL_LionCamp_2026
BT_TH_VSL_LionCamp_2026,BT_TH_VSL_LAL,BT_TH_VSL_TH_AD02_Outcome,Single Video 9:16 + Square 1:1 (Dynamic),Outcome,4 tuần — con tự tin giao tiếp tiếng Anh cơ bản,Trại hè Lion Camp Tiểu học,Tìm hiểu thêm,https://truongvietanh.com/lioncamp/vsl?utm_source=fb&utm_campaign=BT_TH_VSL_LionCamp_2026
BT_TH_VSL_LionCamp_2026,BT_TH_VSL_RMK,BT_TH_VSL_TH_AD02_Outcome,Single Video 9:16 + Square 1:1 (Dynamic),Outcome,4 tuần — con tự tin giao tiếp tiếng Anh cơ bản,Trại hè Lion Camp Tiểu học,Tìm hiểu thêm,https://truongvietanh.com/lioncamp/vsl?utm_source=fb&utm_campaign=BT_TH_VSL_LionCamp_2026
CL_TH_VSL_LionCamp_2026,CL_TH_VSL_Broad,CL_TH_VSL_TH_AD02_Outcome,Single Video 9:16 + Square 1:1 (Dynamic),Outcome,4 tuần — con tự tin giao tiếp tiếng Anh cơ bản,Trại hè Lion Camp Tiểu học,Tìm hiểu thêm,https://truongvietanh.com/lioncamp/vsl?utm_source=fb&utm_campaign=CL_TH_VSL_LionCamp_2026
CL_TH_VSL_LionCamp_2026,CL_TH_VSL_Interest,CL_TH_VSL_TH_AD02_Outcome,Single Video 9:16 + Square 1:1 (Dynamic),Outcome,4 tuần — con tự tin giao tiếp tiếng Anh cơ bản,Trại hè Lion Camp Tiểu học,Tìm hiểu thêm,https://truongvietanh.com/lioncamp/vsl?utm_source=fb&utm_campaign=CL_TH_VSL_LionCamp_2026
CL_TH_VSL_LionCamp_2026,CL_TH_VSL_LAL,CL_TH_VSL_TH_AD02_Outcome,Single Video 9:16 + Square 1:1 (Dynamic),Outcome,4 tuần — con tự tin giao tiếp tiếng Anh cơ bản,Trại hè Lion Camp Tiểu học,Tìm hiểu thêm,https://truongvietanh.com/lioncamp/vsl?utm_source=fb&utm_campaign=CL_TH_VSL_LionCamp_2026
CL_TH_VSL_LionCamp_2026,CL_TH_VSL_RMK,CL_TH_VSL_TH_AD02_Outcome,Single Video 9:16 + Square 1:1 (Dynamic),Outcome,4 tuần — con tự tin giao tiếp tiếng Anh cơ bản,Trại hè Lion Camp Tiểu học,Tìm hiểu thêm,https://truongvietanh.com/lioncamp/vsl?utm_source=fb&utm_campaign=CL_TH_VSL_LionCamp_2026
RG_TH_VSL_LionCamp_2026,RG_TH_VSL_Broad,RG_TH_VSL_TH_AD02_Outcome,Single Video 9:16 + Square 1:1 (Dynamic),Outcome,4 tuần — con tự tin giao tiếp tiếng Anh cơ bản,Trại hè Lion Camp Tiểu học,Tìm hiểu thêm,https://truongvietanh.com/lioncamp/vsl?utm_source=fb&utm_campaign=RG_TH_VSL_LionCamp_2026
RG_TH_VSL_LionCamp_2026,RG_TH_VSL_Interest,RG_TH_VSL_TH_AD02_Outcome,Single Video 9:16 + Square 1:1 (Dynamic),Outcome,4 tuần — con tự tin giao tiếp tiếng Anh cơ bản,Trại hè Lion Camp Tiểu học,Tìm hiểu thêm,https://truongvietanh.com/lioncamp/vsl?utm_source=fb&utm_campaign=RG_TH_VSL_LionCamp_2026
RG_TH_VSL_LionCamp_2026,RG_TH_VSL_LAL,RG_TH_VSL_TH_AD02_Outcome,Single Video 9:16 + Square 1:1 (Dynamic),Outcome,4 tuần — con tự tin giao tiếp tiếng Anh cơ bản,Trại hè Lion Camp Tiểu học,Tìm hiểu thêm,https://truongvietanh.com/lioncamp/vsl?utm_source=fb&utm_campaign=RG_TH_VSL_LionCamp_2026
RG_TH_VSL_LionCamp_2026,RG_TH_VSL_RMK,RG_TH_VSL_TH_AD02_Outcome,Single Video 9:16 + Square 1:1 (Dynamic),Outcome,4 tuần — con tự tin giao tiếp tiếng Anh cơ bản,Trại hè Lion Camp Tiểu học,Tìm hiểu thêm,https://truongvietanh.com/lioncamp/vsl?utm_source=fb&utm_campaign=RG_TH_VSL_LionCamp_2026
GV_TH_VSL_LionCamp_2026,GV_TH_VSL_Broad,GV_TH_VSL_TH_AD03_Social,Single Video 9:16 + Square 1:1 (Dynamic),Social,"“Sau trại hè, con tự tin hơn hẳn” — PH Gò Vấp",1.200+ phụ huynh đã chọn Lion,Xem testimonial,https://truongvietanh.com/lioncamp/vsl?utm_source=fb&utm_campaign=GV_TH_VSL_LionCamp_2026
GV_TH_VSL_LionCamp_2026,GV_TH_VSL_Interest,GV_TH_VSL_TH_AD03_Social,Single Video 9:16 + Square 1:1 (Dynamic),Social,"“Sau trại hè, con tự tin hơn hẳn” — PH Gò Vấp",1.200+ phụ huynh đã chọn Lion,Xem testimonial,https://truongvietanh.com/lioncamp/vsl?utm_source=fb&utm_campaign=GV_TH_VSL_LionCamp_2026
GV_TH_VSL_LionCamp_2026,GV_TH_VSL_LAL,GV_TH_VSL_TH_AD03_Social,Single Video 9:16 + Square 1:1 (Dynamic),Social,"“Sau trại hè, con tự tin hơn hẳn” — PH Gò Vấp",1.200+ phụ huynh đã chọn Lion,Xem testimonial,https://truongvietanh.com/lioncamp/vsl?utm_source=fb&utm_campaign=GV_TH_VSL_LionCamp_2026
GV_TH_VSL_LionCamp_2026,GV_TH_VSL_RMK,GV_TH_VSL_TH_AD03_Social,Single Video 9:16 + Square 1:1 (Dynamic),Social,"“Sau trại hè, con tự tin hơn hẳn” — PH Gò Vấp",1.200+ phụ huynh đã chọn Lion,Xem testimonial,https://truongvietanh.com/lioncamp/vsl?utm_source=fb&utm_campaign=GV_TH_VSL_LionCamp_2026
BT_TH_VSL_LionCamp_2026,BT_TH_VSL_Broad,BT_TH_VSL_TH_AD03_Social,Single Video 9:16 + Square 1:1 (Dynamic),Social,"“Sau trại hè, con tự tin hơn hẳn” — PH Gò Vấp",1.200+ phụ huynh đã chọn Lion,Xem testimonial,https://truongvietanh.com/lioncamp/vsl?utm_source=fb&utm_campaign=BT_TH_VSL_LionCamp_2026
BT_TH_VSL_LionCamp_2026,BT_TH_VSL_Interest,BT_TH_VSL_TH_AD03_Social,Single Video 9:16 + Square 1:1 (Dynamic),Social,"“Sau trại hè, con tự tin hơn hẳn” — PH Gò Vấp",1.200+ phụ huynh đã chọn Lion,Xem testimonial,https://truongvietanh.com/lioncamp/vsl?utm_source=fb&utm_campaign=BT_TH_VSL_LionCamp_2026
BT_TH_VSL_LionCamp_2026,BT_TH_VSL_LAL,BT_TH_VSL_TH_AD03_Social,Single Video 9:16 + Square 1:1 (Dynamic),Social,"“Sau trại hè, con tự tin hơn hẳn” — PH Gò Vấp",1.200+ phụ huynh đã chọn Lion,Xem testimonial,https://truongvietanh.com/lioncamp/vsl?utm_source=fb&utm_campaign=BT_TH_VSL_LionCamp_2026
BT_TH_VSL_LionCamp_2026,BT_TH_VSL_RMK,BT_TH_VSL_TH_AD03_Social,Single Video 9:16 + Square 1:1 (Dynamic),Social,"“Sau trại hè, con tự tin hơn hẳn” — PH Gò Vấp",1.200+ phụ huynh đã chọn Lion,Xem testimonial,https://truongvietanh.com/lioncamp/vsl?utm_source=fb&utm_campaign=BT_TH_VSL_LionCamp_2026
CL_TH_VSL_LionCamp_2026,CL_TH_VSL_Broad,CL_TH_VSL_TH_AD03_Social,Single Video 9:16 + Square 1:1 (Dynamic),Social,"“Sau trại hè, con tự tin hơn hẳn” — PH Gò Vấp",1.200+ phụ huynh đã chọn Lion,Xem testimonial,https://truongvietanh.com/lioncamp/vsl?utm_source=fb&utm_campaign=CL_TH_VSL_LionCamp_2026
CL_TH_VSL_LionCamp_2026,CL_TH_VSL_Interest,CL_TH_VSL_TH_AD03_Social,Single Video 9:16 + Square 1:1 (Dynamic),Social,"“Sau trại hè, con tự tin hơn hẳn” — PH Gò Vấp",1.200+ phụ huynh đã chọn Lion,Xem testimonial,https://truongvietanh.com/lioncamp/vsl?utm_source=fb&utm_campaign=CL_TH_VSL_LionCamp_2026
CL_TH_VSL_LionCamp_2026,CL_TH_VSL_LAL,CL_TH_VSL_TH_AD03_Social,Single Video 9:16 + Square 1:1 (Dynamic),Social,"“Sau trại hè, con tự tin hơn hẳn” — PH Gò Vấp",1.200+ phụ huynh đã chọn Lion,Xem testimonial,https://truongvietanh.com/lioncamp/vsl?utm_source=fb&utm_campaign=CL_TH_VSL_LionCamp_2026
CL_TH_VSL_LionCamp_2026,CL_TH_VSL_RMK,CL_TH_VSL_TH_AD03_Social,Single Video 9:16 + Square 1:1 (Dynamic),Social,"“Sau trại hè, con tự tin hơn hẳn” — PH Gò Vấp",1.200+ phụ huynh đã chọn Lion,Xem testimonial,https://truongvietanh.com/lioncamp/vsl?utm_source=fb&utm_campaign=CL_TH_VSL_LionCamp_2026
RG_TH_VSL_LionCamp_2026,RG_TH_VSL_Broad,RG_TH_VSL_TH_AD03_Social,Single Video 9:16 + Square 1:1 (Dynamic),Social,"“Sau trại hè, con tự tin hơn hẳn” — PH Gò Vấp",1.200+ phụ huynh đã chọn Lion,Xem testimonial,https://truongvietanh.com/lioncamp/vsl?utm_source=fb&utm_campaign=RG_TH_VSL_LionCamp_2026
RG_TH_VSL_LionCamp_2026,RG_TH_VSL_Interest,RG_TH_VSL_TH_AD03_Social,Single Video 9:16 + Square 1:1 (Dynamic),Social,"“Sau trại hè, con tự tin hơn hẳn” — PH Gò Vấp",1.200+ phụ huynh đã chọn Lion,Xem testimonial,https://truongvietanh.com/lioncamp/vsl?utm_source=fb&utm_campaign=RG_TH_VSL_LionCamp_2026
RG_TH_VSL_LionCamp_2026,RG_TH_VSL_LAL,RG_TH_VSL_TH_AD03_Social,Single Video 9:16 + Square 1:1 (Dynamic),Social,"“Sau trại hè, con tự tin hơn hẳn” — PH Gò Vấp",1.200+ phụ huynh đã chọn Lion,Xem testimonial,https://truongvietanh.com/lioncamp/vsl?utm_source=fb&utm_campaign=RG_TH_VSL_LionCamp_2026
RG_TH_VSL_LionCamp_2026,RG_TH_VSL_RMK,RG_TH_VSL_TH_AD03_Social,Single Video 9:16 + Square 1:1 (Dynamic),Social,"“Sau trại hè, con tự tin hơn hẳn” — PH Gò Vấp",1.200+ phụ huynh đã chọn Lion,Xem testimonial,https://truongvietanh.com/lioncamp/vsl?utm_source=fb&utm_campaign=RG_TH_VSL_LionCamp_2026
GV_TH_Sales_LionCamp_2026,GV_TH_Sales_Broad,GV_TH_Sales_TH_AD04_Urgency,Single Video 9:16 + Square 1:1 (Dynamic),Urgency,Còn 18 suất Tiểu học Gò Vấp — Khai giảng 15/06,Hết sớm hơn dự kiến!,Giữ chỗ ngay,https://truongvietanh.com/lioncamp/sales?utm_source=fb&utm_campaign=GV_TH_Sales_LionCamp_2026
GV_TH_Sales_LionCamp_2026,GV_TH_Sales_Interest,GV_TH_Sales_TH_AD04_Urgency,Single Video 9:16 + Square 1:1 (Dynamic),Urgency,Còn 18 suất Tiểu học Gò Vấp — Khai giảng 15/06,Hết sớm hơn dự kiến!,Giữ chỗ ngay,https://truongvietanh.com/lioncamp/sales?utm_source=fb&utm_campaign=GV_TH_Sales_LionCamp_2026
GV_TH_Sales_LionCamp_2026,GV_TH_Sales_LAL,GV_TH_Sales_TH_AD04_Urgency,Single Video 9:16 + Square 1:1 (Dynamic),Urgency,Còn 18 suất Tiểu học Gò Vấp — Khai giảng 15/06,Hết sớm hơn dự kiến!,Giữ chỗ ngay,https://truongvietanh.com/lioncamp/sales?utm_source=fb&utm_campaign=GV_TH_Sales_LionCamp_2026
GV_TH_Sales_LionCamp_2026,GV_TH_Sales_RMK,GV_TH_Sales_TH_AD04_Urgency,Single Video 9:16 + Square 1:1 (Dynamic),Urgency,Còn 18 suất Tiểu học Gò Vấp — Khai giảng 15/06,Hết sớm hơn dự kiến!,Giữ chỗ ngay,https://truongvietanh.com/lioncamp/sales?utm_source=fb&utm_campaign=GV_TH_Sales_LionCamp_2026
BT_TH_Sales_LionCamp_2026,BT_TH_Sales_Broad,BT_TH_Sales_TH_AD04_Urgency,Single Video 9:16 + Square 1:1 (Dynamic),Urgency,Còn 18 suất Tiểu học Gò Vấp — Khai giảng 15/06,Hết sớm hơn dự kiến!,Giữ chỗ ngay,https://truongvietanh.com/lioncamp/sales?utm_source=fb&utm_campaign=BT_TH_Sales_LionCamp_2026
BT_TH_Sales_LionCamp_2026,BT_TH_Sales_Interest,BT_TH_Sales_TH_AD04_Urgency,Single Video 9:16 + Square 1:1 (Dynamic),Urgency,Còn 18 suất Tiểu học Gò Vấp — Khai giảng 15/06,Hết sớm hơn dự kiến!,Giữ chỗ ngay,https://truongvietanh.com/lioncamp/sales?utm_source=fb&utm_campaign=BT_TH_Sales_LionCamp_2026
BT_TH_Sales_LionCamp_2026,BT_TH_Sales_LAL,BT_TH_Sales_TH_AD04_Urgency,Single Video 9:16 + Square 1:1 (Dynamic),Urgency,Còn 18 suất Tiểu học Gò Vấp — Khai giảng 15/06,Hết sớm hơn dự kiến!,Giữ chỗ ngay,https://truongvietanh.com/lioncamp/sales?utm_source=fb&utm_campaign=BT_TH_Sales_LionCamp_2026
BT_TH_Sales_LionCamp_2026,BT_TH_Sales_RMK,BT_TH_Sales_TH_AD04_Urgency,Single Video 9:16 + Square 1:1 (Dynamic),Urgency,Còn 18 suất Tiểu học Gò Vấp — Khai giảng 15/06,Hết sớm hơn dự kiến!,Giữ chỗ ngay,https://truongvietanh.com/lioncamp/sales?utm_source=fb&utm_campaign=BT_TH_Sales_LionCamp_2026
CL_TH_Sales_LionCamp_2026,CL_TH_Sales_Broad,CL_TH_Sales_TH_AD04_Urgency,Single Video 9:16 + Square 1:1 (Dynamic),Urgency,Còn 18 suất Tiểu học Gò Vấp — Khai giảng 15/06,Hết sớm hơn dự kiến!,Giữ chỗ ngay,https://truongvietanh.com/lioncamp/sales?utm_source=fb&utm_campaign=CL_TH_Sales_LionCamp_2026
CL_TH_Sales_LionCamp_2026,CL_TH_Sales_Interest,CL_TH_Sales_TH_AD04_Urgency,Single Video 9:16 + Square 1:1 (Dynamic),Urgency,Còn 18 suất Tiểu học Gò Vấp — Khai giảng 15/06,Hết sớm hơn dự kiến!,Giữ chỗ ngay,https://truongvietanh.com/lioncamp/sales?utm_source=fb&utm_campaign=CL_TH_Sales_LionCamp_2026
CL_TH_Sales_LionCamp_2026,CL_TH_Sales_LAL,CL_TH_Sales_TH_AD04_Urgency,Single Video 9:16 + Square 1:1 (Dynamic),Urgency,Còn 18 suất Tiểu học Gò Vấp — Khai giảng 15/06,Hết sớm hơn dự kiến!,Giữ chỗ ngay,https://truongvietanh.com/lioncamp/sales?utm_source=fb&utm_campaign=CL_TH_Sales_LionCamp_2026
CL_TH_Sales_LionCamp_2026,CL_TH_Sales_RMK,CL_TH_Sales_TH_AD04_Urgency,Single Video 9:16 + Square 1:1 (Dynamic),Urgency,Còn 18 suất Tiểu học Gò Vấp — Khai giảng 15/06,Hết sớm hơn dự kiến!,Giữ chỗ ngay,https://truongvietanh.com/lioncamp/sales?utm_source=fb&utm_campaign=CL_TH_Sales_LionCamp_2026
RG_TH_Sales_LionCamp_2026,RG_TH_Sales_Broad,RG_TH_Sales_TH_AD04_Urgency,Single Video 9:16 + Square 1:1 (Dynamic),Urgency,Còn 18 suất Tiểu học Gò Vấp — Khai giảng 15/06,Hết sớm hơn dự kiến!,Giữ chỗ ngay,https://truongvietanh.com/lioncamp/sales?utm_source=fb&utm_campaign=RG_TH_Sales_LionCamp_2026
RG_TH_Sales_LionCamp_2026,RG_TH_Sales_Interest,RG_TH_Sales_TH_AD04_Urgency,Single Video 9:16 + Square 1:1 (Dynamic),Urgency,Còn 18 suất Tiểu học Gò Vấp — Khai giảng 15/06,Hết sớm hơn dự kiến!,Giữ chỗ ngay,https://truongvietanh.com/lioncamp/sales?utm_source=fb&utm_campaign=RG_TH_Sales_LionCamp_2026
RG_TH_Sales_LionCamp_2026,RG_TH_Sales_LAL,RG_TH_Sales_TH_AD04_Urgency,Single Video 9:16 + Square 1:1 (Dynamic),Urgency,Còn 18 suất Tiểu học Gò Vấp — Khai giảng 15/06,Hết sớm hơn dự kiến!,Giữ chỗ ngay,https://truongvietanh.com/lioncamp/sales?utm_source=fb&utm_campaign=RG_TH_Sales_LionCamp_2026
RG_TH_Sales_LionCamp_2026,RG_TH_Sales_RMK,RG_TH_Sales_TH_AD04_Urgency,Single Video 9:16 + Square 1:1 (Dynamic),Urgency,Còn 18 suất Tiểu học Gò Vấp — Khai giảng 15/06,Hết sớm hơn dự kiến!,Giữ chỗ ngay,https://truongvietanh.com/lioncamp/sales?utm_source=fb&utm_campaign=RG_TH_Sales_LionCamp_2026
GV_TH_Quiz_LionCamp_2026,GV_TH_Quiz_Broad,GV_TH_Quiz_TH_AD05_Activity,Single Video 9:16 + Square 1:1 (Dynamic),Activity,Học qua dự án + thể thao + kỹ năng sống,Lịch trại hè 2026,Xem chi tiết,https://truongvietanh.com/lioncamp/quiz?utm_source=fb&utm_campaign=GV_TH_Quiz_LionCamp_2026
GV_TH_Quiz_LionCamp_2026,GV_TH_Quiz_Interest,GV_TH_Quiz_TH_AD05_Activity,Single Video 9:16 + Square 1:1 (Dynamic),Activity,Học qua dự án + thể thao + kỹ năng sống,Lịch trại hè 2026,Xem chi tiết,https://truongvietanh.com/lioncamp/quiz?utm_source=fb&utm_campaign=GV_TH_Quiz_LionCamp_2026
GV_TH_Quiz_LionCamp_2026,GV_TH_Quiz_LAL,GV_TH_Quiz_TH_AD05_Activity,Single Video 9:16 + Square 1:1 (Dynamic),Activity,Học qua dự án + thể thao + kỹ năng sống,Lịch trại hè 2026,Xem chi tiết,https://truongvietanh.com/lioncamp/quiz?utm_source=fb&utm_campaign=GV_TH_Quiz_LionCamp_2026
GV_TH_Quiz_LionCamp_2026,GV_TH_Quiz_RMK,GV_TH_Quiz_TH_AD05_Activity,Single Video 9:16 + Square 1:1 (Dynamic),Activity,Học qua dự án + thể thao + kỹ năng sống,Lịch trại hè 2026,Xem chi tiết,https://truongvietanh.com/lioncamp/quiz?utm_source=fb&utm_campaign=GV_TH_Quiz_LionCamp_2026
BT_TH_Quiz_LionCamp_2026,BT_TH_Quiz_Broad,BT_TH_Quiz_TH_AD05_Activity,Single Video 9:16 + Square 1:1 (Dynamic),Activity,Học qua dự án + thể thao + kỹ năng sống,Lịch trại hè 2026,Xem chi tiết,https://truongvietanh.com/lioncamp/quiz?utm_source=fb&utm_campaign=BT_TH_Quiz_LionCamp_2026
BT_TH_Quiz_LionCamp_2026,BT_TH_Quiz_Interest,BT_TH_Quiz_TH_AD05_Activity,Single Video 9:16 + Square 1:1 (Dynamic),Activity,Học qua dự án + thể thao + kỹ năng sống,Lịch trại hè 2026,Xem chi tiết,https://truongvietanh.com/lioncamp/quiz?utm_source=fb&utm_campaign=BT_TH_Quiz_LionCamp_2026
BT_TH_Quiz_LionCamp_2026,BT_TH_Quiz_LAL,BT_TH_Quiz_TH_AD05_Activity,Single Video 9:16 + Square 1:1 (Dynamic),Activity,Học qua dự án + thể thao + kỹ năng sống,Lịch trại hè 2026,Xem chi tiết,https://truongvietanh.com/lioncamp/quiz?utm_source=fb&utm_campaign=BT_TH_Quiz_LionCamp_2026
BT_TH_Quiz_LionCamp_2026,BT_TH_Quiz_RMK,BT_TH_Quiz_TH_AD05_Activity,Single Video 9:16 + Square 1:1 (Dynamic),Activity,Học qua dự án + thể thao + kỹ năng sống,Lịch trại hè 2026,Xem chi tiết,https://truongvietanh.com/lioncamp/quiz?utm_source=fb&utm_campaign=BT_TH_Quiz_LionCamp_2026
CL_TH_Quiz_LionCamp_2026,CL_TH_Quiz_Broad,CL_TH_Quiz_TH_AD05_Activity,Single Video 9:16 + Square 1:1 (Dynamic),Activity,Học qua dự án + thể thao + kỹ năng sống,Lịch trại hè 2026,Xem chi tiết,https://truongvietanh.com/lioncamp/quiz?utm_source=fb&utm_campaign=CL_TH_Quiz_LionCamp_2026
CL_TH_Quiz_LionCamp_2026,CL_TH_Quiz_Interest,CL_TH_Quiz_TH_AD05_Activity,Single Video 9:16 + Square 1:1 (Dynamic),Activity,Học qua dự án + thể thao + kỹ năng sống,Lịch trại hè 2026,Xem chi tiết,https://truongvietanh.com/lioncamp/quiz?utm_source=fb&utm_campaign=CL_TH_Quiz_LionCamp_2026
CL_TH_Quiz_LionCamp_2026,CL_TH_Quiz_LAL,CL_TH_Quiz_TH_AD05_Activity,Single Video 9:16 + Square 1:1 (Dynamic),Activity,Học qua dự án + thể thao + kỹ năng sống,Lịch trại hè 2026,Xem chi tiết,https://truongvietanh.com/lioncamp/quiz?utm_source=fb&utm_campaign=CL_TH_Quiz_LionCamp_2026
CL_TH_Quiz_LionCamp_2026,CL_TH_Quiz_RMK,CL_TH_Quiz_TH_AD05_Activity,Single Video 9:16 + Square 1:1 (Dynamic),Activity,Học qua dự án + thể thao + kỹ năng sống,Lịch trại hè 2026,Xem chi tiết,https://truongvietanh.com/lioncamp/quiz?utm_source=fb&utm_campaign=CL_TH_Quiz_LionCamp_2026
RG_TH_Quiz_LionCamp_2026,RG_TH_Quiz_Broad,RG_TH_Quiz_TH_AD05_Activity,Single Video 9:16 + Square 1:1 (Dynamic),Activity,Học qua dự án + thể thao + kỹ năng sống,Lịch trại hè 2026,Xem chi tiết,https://truongvietanh.com/lioncamp/quiz?utm_source=fb&utm_campaign=RG_TH_Quiz_LionCamp_2026
RG_TH_Quiz_LionCamp_2026,RG_TH_Quiz_Interest,RG_TH_Quiz_TH_AD05_Activity,Single Video 9:16 + Square 1:1 (Dynamic),Activity,Học qua dự án + thể thao + kỹ năng sống,Lịch trại hè 2026,Xem chi tiết,https://truongvietanh.com/lioncamp/quiz?utm_source=fb&utm_campaign=RG_TH_Quiz_LionCamp_2026
RG_TH_Quiz_LionCamp_2026,RG_TH_Quiz_LAL,RG_TH_Quiz_TH_AD05_Activity,Single Video 9:16 + Square 1:1 (Dynamic),Activity,Học qua dự án + thể thao + kỹ năng sống,Lịch trại hè 2026,Xem chi tiết,https://truongvietanh.com/lioncamp/quiz?utm_source=fb&utm_campaign=RG_TH_Quiz_LionCamp_2026
RG_TH_Quiz_LionCamp_2026,RG_TH_Quiz_RMK,RG_TH_Quiz_TH_AD05_Activity,Single Video 9:16 + Square 1:1 (Dynamic),Activity,Học qua dự án + thể thao + kỹ năng sống,Lịch trại hè 2026,Xem chi tiết,https://truongvietanh.com/lioncamp/quiz?utm_source=fb&utm_campaign=RG_TH_Quiz_LionCamp_2026
GV_TH_Quiz_LionCamp_2026,GV_TH_Quiz_Broad,GV_TH_Quiz_TH_AD06_PainLocal,Single Video 9:16 + Square 1:1 (Dynamic),PainLocal,PH Bình Tân: Hè con ở nhà cả ngày với TV?,Trại hè ngay tại Bình Tân,Đăng ký,https://truongvietanh.com/lioncamp/quiz?utm_source=fb&utm_campaign=GV_TH_Quiz_LionCamp_2026
GV_TH_Quiz_LionCamp_2026,GV_TH_Quiz_Interest,GV_TH_Quiz_TH_AD06_PainLocal,Single Video 9:16 + Square 1:1 (Dynamic),PainLocal,PH Bình Tân: Hè con ở nhà cả ngày với TV?,Trại hè ngay tại Bình Tân,Đăng ký,https://truongvietanh.com/lioncamp/quiz?utm_source=fb&utm_campaign=GV_TH_Quiz_LionCamp_2026
GV_TH_Quiz_LionCamp_2026,GV_TH_Quiz_LAL,GV_TH_Quiz_TH_AD06_PainLocal,Single Video 9:16 + Square 1:1 (Dynamic),PainLocal,PH Bình Tân: Hè con ở nhà cả ngày với TV?,Trại hè ngay tại Bình Tân,Đăng ký,https://truongvietanh.com/lioncamp/quiz?utm_source=fb&utm_campaign=GV_TH_Quiz_LionCamp_2026
GV_TH_Quiz_LionCamp_2026,GV_TH_Quiz_RMK,GV_TH_Quiz_TH_AD06_PainLocal,Single Video 9:16 + Square 1:1 (Dynamic),PainLocal,PH Bình Tân: Hè con ở nhà cả ngày với TV?,Trại hè ngay tại Bình Tân,Đăng ký,https://truongvietanh.com/lioncamp/quiz?utm_source=fb&utm_campaign=GV_TH_Quiz_LionCamp_2026
BT_TH_Quiz_LionCamp_2026,BT_TH_Quiz_Broad,BT_TH_Quiz_TH_AD06_PainLocal,Single Video 9:16 + Square 1:1 (Dynamic),PainLocal,PH Bình Tân: Hè con ở nhà cả ngày với TV?,Trại hè ngay tại Bình Tân,Đăng ký,https://truongvietanh.com/lioncamp/quiz?utm_source=fb&utm_campaign=BT_TH_Quiz_LionCamp_2026
BT_TH_Quiz_LionCamp_2026,BT_TH_Quiz_Interest,BT_TH_Quiz_TH_AD06_PainLocal,Single Video 9:16 + Square 1:1 (Dynamic),PainLocal,PH Bình Tân: Hè con ở nhà cả ngày với TV?,Trại hè ngay tại Bình Tân,Đăng ký,https://truongvietanh.com/lioncamp/quiz?utm_source=fb&utm_campaign=BT_TH_Quiz_LionCamp_2026
BT_TH_Quiz_LionCamp_2026,BT_TH_Quiz_LAL,BT_TH_Quiz_TH_AD06_PainLocal,Single Video 9:16 + Square 1:1 (Dynamic),PainLocal,PH Bình Tân: Hè con ở nhà cả ngày với TV?,Trại hè ngay tại Bình Tân,Đăng ký,https://truongvietanh.com/lioncamp/quiz?utm_source=fb&utm_campaign=BT_TH_Quiz_LionCamp_2026
BT_TH_Quiz_LionCamp_2026,BT_TH_Quiz_RMK,BT_TH_Quiz_TH_AD06_PainLocal,Single Video 9:16 + Square 1:1 (Dynamic),PainLocal,PH Bình Tân: Hè con ở nhà cả ngày với TV?,Trại hè ngay tại Bình Tân,Đăng ký,https://truongvietanh.com/lioncamp/quiz?utm_source=fb&utm_campaign=BT_TH_Quiz_LionCamp_2026
CL_TH_Quiz_LionCamp_2026,CL_TH_Quiz_Broad,CL_TH_Quiz_TH_AD06_PainLocal,Single Video 9:16 + Square 1:1 (Dynamic),PainLocal,PH Bình Tân: Hè con ở nhà cả ngày với TV?,Trại hè ngay tại Bình Tân,Đăng ký,https://truongvietanh.com/lioncamp/quiz?utm_source=fb&utm_campaign=CL_TH_Quiz_LionCamp_2026
CL_TH_Quiz_LionCamp_2026,CL_TH_Quiz_Interest,CL_TH_Quiz_TH_AD06_PainLocal,Single Video 9:16 + Square 1:1 (Dynamic),PainLocal,PH Bình Tân: Hè con ở nhà cả ngày với TV?,Trại hè ngay tại Bình Tân,Đăng ký,https://truongvietanh.com/lioncamp/quiz?utm_source=fb&utm_campaign=CL_TH_Quiz_LionCamp_2026
CL_TH_Quiz_LionCamp_2026,CL_TH_Quiz_LAL,CL_TH_Quiz_TH_AD06_PainLocal,Single Video 9:16 + Square 1:1 (Dynamic),PainLocal,PH Bình Tân: Hè con ở nhà cả ngày với TV?,Trại hè ngay tại Bình Tân,Đăng ký,https://truongvietanh.com/lioncamp/quiz?utm_source=fb&utm_campaign=CL_TH_Quiz_LionCamp_2026
CL_TH_Quiz_LionCamp_2026,CL_TH_Quiz_RMK,CL_TH_Quiz_TH_AD06_PainLocal,Single Video 9:16 + Square 1:1 (Dynamic),PainLocal,PH Bình Tân: Hè con ở nhà cả ngày với TV?,Trại hè ngay tại Bình Tân,Đăng ký,https://truongvietanh.com/lioncamp/quiz?utm_source=fb&utm_campaign=CL_TH_Quiz_LionCamp_2026
RG_TH_Quiz_LionCamp_2026,RG_TH_Quiz_Broad,RG_TH_Quiz_TH_AD06_PainLocal,Single Video 9:16 + Square 1:1 (Dynamic),PainLocal,PH Bình Tân: Hè con ở nhà cả ngày với TV?,Trại hè ngay tại Bình Tân,Đăng ký,https://truongvietanh.com/lioncamp/quiz?utm_source=fb&utm_campaign=RG_TH_Quiz_LionCamp_2026
RG_TH_Quiz_LionCamp_2026,RG_TH_Quiz_Interest,RG_TH_Quiz_TH_AD06_PainLocal,Single Video 9:16 + Square 1:1 (Dynamic),PainLocal,PH Bình Tân: Hè con ở nhà cả ngày với TV?,Trại hè ngay tại Bình Tân,Đăng ký,https://truongvietanh.com/lioncamp/quiz?utm_source=fb&utm_campaign=RG_TH_Quiz_LionCamp_2026
RG_TH_Quiz_LionCamp_2026,RG_TH_Quiz_LAL,RG_TH_Quiz_TH_AD06_PainLocal,Single Video 9:16 + Square 1:1 (Dynamic),PainLocal,PH Bình Tân: Hè con ở nhà cả ngày với TV?,Trại hè ngay tại Bình Tân,Đăng ký,https://truongvietanh.com/lioncamp/quiz?utm_source=fb&utm_campaign=RG_TH_Quiz_LionCamp_2026
RG_TH_Quiz_LionCamp_2026,RG_TH_Quiz_RMK,RG_TH_Quiz_TH_AD06_PainLocal,Single Video 9:16 + Square 1:1 (Dynamic),PainLocal,PH Bình Tân: Hè con ở nhà cả ngày với TV?,Trại hè ngay tại Bình Tân,Đăng ký,https://truongvietanh.com/lioncamp/quiz?utm_source=fb&utm_campaign=RG_TH_Quiz_LionCamp_2026
GV_TH_Sales_LionCamp_2026,GV_TH_Sales_Broad,GV_TH_Sales_TH_AD07_OfferLocal,Single Video 9:16 + Square 1:1 (Dynamic),OfferLocal,Trại hè Tiểu học gần nhà — Cần Giuộc + Rạch Giá,Không cần đi xa,Tư vấn miễn phí,https://truongvietanh.com/lioncamp/sales?utm_source=fb&utm_campaign=GV_TH_Sales_LionCamp_2026
GV_TH_Sales_LionCamp_2026,GV_TH_Sales_Interest,GV_TH_Sales_TH_AD07_OfferLocal,Single Video 9:16 + Square 1:1 (Dynamic),OfferLocal,Trại hè Tiểu học gần nhà — Cần Giuộc + Rạch Giá,Không cần đi xa,Tư vấn miễn phí,https://truongvietanh.com/lioncamp/sales?utm_source=fb&utm_campaign=GV_TH_Sales_LionCamp_2026
GV_TH_Sales_LionCamp_2026,GV_TH_Sales_LAL,GV_TH_Sales_TH_AD07_OfferLocal,Single Video 9:16 + Square 1:1 (Dynamic),OfferLocal,Trại hè Tiểu học gần nhà — Cần Giuộc + Rạch Giá,Không cần đi xa,Tư vấn miễn phí,https://truongvietanh.com/lioncamp/sales?utm_source=fb&utm_campaign=GV_TH_Sales_LionCamp_2026
GV_TH_Sales_LionCamp_2026,GV_TH_Sales_RMK,GV_TH_Sales_TH_AD07_OfferLocal,Single Video 9:16 + Square 1:1 (Dynamic),OfferLocal,Trại hè Tiểu học gần nhà — Cần Giuộc + Rạch Giá,Không cần đi xa,Tư vấn miễn phí,https://truongvietanh.com/lioncamp/sales?utm_source=fb&utm_campaign=GV_TH_Sales_LionCamp_2026
BT_TH_Sales_LionCamp_2026,BT_TH_Sales_Broad,BT_TH_Sales_TH_AD07_OfferLocal,Single Video 9:16 + Square 1:1 (Dynamic),OfferLocal,Trại hè Tiểu học gần nhà — Cần Giuộc + Rạch Giá,Không cần đi xa,Tư vấn miễn phí,https://truongvietanh.com/lioncamp/sales?utm_source=fb&utm_campaign=BT_TH_Sales_LionCamp_2026
BT_TH_Sales_LionCamp_2026,BT_TH_Sales_Interest,BT_TH_Sales_TH_AD07_OfferLocal,Single Video 9:16 + Square 1:1 (Dynamic),OfferLocal,Trại hè Tiểu học gần nhà — Cần Giuộc + Rạch Giá,Không cần đi xa,Tư vấn miễn phí,https://truongvietanh.com/lioncamp/sales?utm_source=fb&utm_campaign=BT_TH_Sales_LionCamp_2026
BT_TH_Sales_LionCamp_2026,BT_TH_Sales_LAL,BT_TH_Sales_TH_AD07_OfferLocal,Single Video 9:16 + Square 1:1 (Dynamic),OfferLocal,Trại hè Tiểu học gần nhà — Cần Giuộc + Rạch Giá,Không cần đi xa,Tư vấn miễn phí,https://truongvietanh.com/lioncamp/sales?utm_source=fb&utm_campaign=BT_TH_Sales_LionCamp_2026
BT_TH_Sales_LionCamp_2026,BT_TH_Sales_RMK,BT_TH_Sales_TH_AD07_OfferLocal,Single Video 9:16 + Square 1:1 (Dynamic),OfferLocal,Trại hè Tiểu học gần nhà — Cần Giuộc + Rạch Giá,Không cần đi xa,Tư vấn miễn phí,https://truongvietanh.com/lioncamp/sales?utm_source=fb&utm_campaign=BT_TH_Sales_LionCamp_2026
CL_TH_Sales_LionCamp_2026,CL_TH_Sales_Broad,CL_TH_Sales_TH_AD07_OfferLocal,Single Video 9:16 + Square 1:1 (Dynamic),OfferLocal,Trại hè Tiểu học gần nhà — Cần Giuộc + Rạch Giá,Không cần đi xa,Tư vấn miễn phí,https://truongvietanh.com/lioncamp/sales?utm_source=fb&utm_campaign=CL_TH_Sales_LionCamp_2026
CL_TH_Sales_LionCamp_2026,CL_TH_Sales_Interest,CL_TH_Sales_TH_AD07_OfferLocal,Single Video 9:16 + Square 1:1 (Dynamic),OfferLocal,Trại hè Tiểu học gần nhà — Cần Giuộc + Rạch Giá,Không cần đi xa,Tư vấn miễn phí,https://truongvietanh.com/lioncamp/sales?utm_source=fb&utm_campaign=CL_TH_Sales_LionCamp_2026
CL_TH_Sales_LionCamp_2026,CL_TH_Sales_LAL,CL_TH_Sales_TH_AD07_OfferLocal,Single Video 9:16 + Square 1:1 (Dynamic),OfferLocal,Trại hè Tiểu học gần nhà — Cần Giuộc + Rạch Giá,Không cần đi xa,Tư vấn miễn phí,https://truongvietanh.com/lioncamp/sales?utm_source=fb&utm_campaign=CL_TH_Sales_LionCamp_2026
CL_TH_Sales_LionCamp_2026,CL_TH_Sales_RMK,CL_TH_Sales_TH_AD07_OfferLocal,Single Video 9:16 + Square 1:1 (Dynamic),OfferLocal,Trại hè Tiểu học gần nhà — Cần Giuộc + Rạch Giá,Không cần đi xa,Tư vấn miễn phí,https://truongvietanh.com/lioncamp/sales?utm_source=fb&utm_campaign=CL_TH_Sales_LionCamp_2026
RG_TH_Sales_LionCamp_2026,RG_TH_Sales_Broad,RG_TH_Sales_TH_AD07_OfferLocal,Single Video 9:16 + Square 1:1 (Dynamic),OfferLocal,Trại hè Tiểu học gần nhà — Cần Giuộc + Rạch Giá,Không cần đi xa,Tư vấn miễn phí,https://truongvietanh.com/lioncamp/sales?utm_source=fb&utm_campaign=RG_TH_Sales_LionCamp_2026
RG_TH_Sales_LionCamp_2026,RG_TH_Sales_Interest,RG_TH_Sales_TH_AD07_OfferLocal,Single Video 9:16 + Square 1:1 (Dynamic),OfferLocal,Trại hè Tiểu học gần nhà — Cần Giuộc + Rạch Giá,Không cần đi xa,Tư vấn miễn phí,https://truongvietanh.com/lioncamp/sales?utm_source=fb&utm_campaign=RG_TH_Sales_LionCamp_2026
RG_TH_Sales_LionCamp_2026,RG_TH_Sales_LAL,RG_TH_Sales_TH_AD07_OfferLocal,Single Video 9:16 + Square 1:1 (Dynamic),OfferLocal,Trại hè Tiểu học gần nhà — Cần Giuộc + Rạch Giá,Không cần đi xa,Tư vấn miễn phí,https://truongvietanh.com/lioncamp/sales?utm_source=fb&utm_campaign=RG_TH_Sales_LionCamp_2026
RG_TH_Sales_LionCamp_2026,RG_TH_Sales_RMK,RG_TH_Sales_TH_AD07_OfferLocal,Single Video 9:16 + Square 1:1 (Dynamic),OfferLocal,Trại hè Tiểu học gần nhà — Cần Giuộc + Rạch Giá,Không cần đi xa,Tư vấn miễn phí,https://truongvietanh.com/lioncamp/sales?utm_source=fb&utm_campaign=RG_TH_Sales_LionCamp_2026
GV_TH_VSL_LionCamp_2026,GV_TH_VSL_Broad,GV_TH_VSL_TH_AD08_ProofVideo,Single Video 9:16 + Square 1:1 (Dynamic),ProofVideo,Xem 1 ngày của con tại Lion Camp,Ngày của Lion (video 60s),Xem video,https://truongvietanh.com/lioncamp/vsl?utm_source=fb&utm_campaign=GV_TH_VSL_LionCamp_2026
GV_TH_VSL_LionCamp_2026,GV_TH_VSL_Interest,GV_TH_VSL_TH_AD08_ProofVideo,Single Video 9:16 + Square 1:1 (Dynamic),ProofVideo,Xem 1 ngày của con tại Lion Camp,Ngày của Lion (video 60s),Xem video,https://truongvietanh.com/lioncamp/vsl?utm_source=fb&utm_campaign=GV_TH_VSL_LionCamp_2026
GV_TH_VSL_LionCamp_2026,GV_TH_VSL_LAL,GV_TH_VSL_TH_AD08_ProofVideo,Single Video 9:16 + Square 1:1 (Dynamic),ProofVideo,Xem 1 ngày của con tại Lion Camp,Ngày của Lion (video 60s),Xem video,https://truongvietanh.com/lioncamp/vsl?utm_source=fb&utm_campaign=GV_TH_VSL_LionCamp_2026
GV_TH_VSL_LionCamp_2026,GV_TH_VSL_RMK,GV_TH_VSL_TH_AD08_ProofVideo,Single Video 9:16 + Square 1:1 (Dynamic),ProofVideo,Xem 1 ngày của con tại Lion Camp,Ngày của Lion (video 60s),Xem video,https://truongvietanh.com/lioncamp/vsl?utm_source=fb&utm_campaign=GV_TH_VSL_LionCamp_2026
BT_TH_VSL_LionCamp_2026,BT_TH_VSL_Broad,BT_TH_VSL_TH_AD08_ProofVideo,Single Video 9:16 + Square 1:1 (Dynamic),ProofVideo,Xem 1 ngày của con tại Lion Camp,Ngày của Lion (video 60s),Xem video,https://truongvietanh.com/lioncamp/vsl?utm_source=fb&utm_campaign=BT_TH_VSL_LionCamp_2026
BT_TH_VSL_LionCamp_2026,BT_TH_VSL_Interest,BT_TH_VSL_TH_AD08_ProofVideo,Single Video 9:16 + Square 1:1 (Dynamic),ProofVideo,Xem 1 ngày của con tại Lion Camp,Ngày của Lion (video 60s),Xem video,https://truongvietanh.com/lioncamp/vsl?utm_source=fb&utm_campaign=BT_TH_VSL_LionCamp_2026
BT_TH_VSL_LionCamp_2026,BT_TH_VSL_LAL,BT_TH_VSL_TH_AD08_ProofVideo,Single Video 9:16 + Square 1:1 (Dynamic),ProofVideo,Xem 1 ngày của con tại Lion Camp,Ngày của Lion (video 60s),Xem video,https://truongvietanh.com/lioncamp/vsl?utm_source=fb&utm_campaign=BT_TH_VSL_LionCamp_2026
BT_TH_VSL_LionCamp_2026,BT_TH_VSL_RMK,BT_TH_VSL_TH_AD08_ProofVideo,Single Video 9:16 + Square 1:1 (Dynamic),ProofVideo,Xem 1 ngày của con tại Lion Camp,Ngày của Lion (video 60s),Xem video,https://truongvietanh.com/lioncamp/vsl?utm_source=fb&utm_campaign=BT_TH_VSL_LionCamp_2026
CL_TH_VSL_LionCamp_2026,CL_TH_VSL_Broad,CL_TH_VSL_TH_AD08_ProofVideo,Single Video 9:16 + Square 1:1 (Dynamic),ProofVideo,Xem 1 ngày của con tại Lion Camp,Ngày của Lion (video 60s),Xem video,https://truongvietanh.com/lioncamp/vsl?utm_source=fb&utm_campaign=CL_TH_VSL_LionCamp_2026
CL_TH_VSL_LionCamp_2026,CL_TH_VSL_Interest,CL_TH_VSL_TH_AD08_ProofVideo,Single Video 9:16 + Square 1:1 (Dynamic),ProofVideo,Xem 1 ngày của con tại Lion Camp,Ngày của Lion (video 60s),Xem video,https://truongvietanh.com/lioncamp/vsl?utm_source=fb&utm_campaign=CL_TH_VSL_LionCamp_2026
CL_TH_VSL_LionCamp_2026,CL_TH_VSL_LAL,CL_TH_VSL_TH_AD08_ProofVideo,Single Video 9:16 + Square 1:1 (Dynamic),ProofVideo,Xem 1 ngày của con tại Lion Camp,Ngày của Lion (video 60s),Xem video,https://truongvietanh.com/lioncamp/vsl?utm_source=fb&utm_campaign=CL_TH_VSL_LionCamp_2026
CL_TH_VSL_LionCamp_2026,CL_TH_VSL_RMK,CL_TH_VSL_TH_AD08_ProofVideo,Single Video 9:16 + Square 1:1 (Dynamic),ProofVideo,Xem 1 ngày của con tại Lion Camp,Ngày của Lion (video 60s),Xem video,https://truongvietanh.com/lioncamp/vsl?utm_source=fb&utm_campaign=CL_TH_VSL_LionCamp_2026
RG_TH_VSL_LionCamp_2026,RG_TH_VSL_Broad,RG_TH_VSL_TH_AD08_ProofVideo,Single Video 9:16 + Square 1:1 (Dynamic),ProofVideo,Xem 1 ngày của con tại Lion Camp,Ngày của Lion (video 60s),Xem video,https://truongvietanh.com/lioncamp/vsl?utm_source=fb&utm_campaign=RG_TH_VSL_LionCamp_2026
RG_TH_VSL_LionCamp_2026,RG_TH_VSL_Interest,RG_TH_VSL_TH_AD08_ProofVideo,Single Video 9:16 + Square 1:1 (Dynamic),ProofVideo,Xem 1 ngày của con tại Lion Camp,Ngày của Lion (video 60s),Xem video,https://truongvietanh.com/lioncamp/vsl?utm_source=fb&utm_campaign=RG_TH_VSL_LionCamp_2026
RG_TH_VSL_LionCamp_2026,RG_TH_VSL_LAL,RG_TH_VSL_TH_AD08_ProofVideo,Single Video 9:16 + Square 1:1 (Dynamic),ProofVideo,Xem 1 ngày của con tại Lion Camp,Ngày của Lion (video 60s),Xem video,https://truongvietanh.com/lioncamp/vsl?utm_source=fb&utm_campaign=RG_TH_VSL_LionCamp_2026
RG_TH_VSL_LionCamp_2026,RG_TH_VSL_RMK,RG_TH_VSL_TH_AD08_ProofVideo,Single Video 9:16 + Square 1:1 (Dynamic),ProofVideo,Xem 1 ngày của con tại Lion Camp,Ngày của Lion (video 60s),Xem video,https://truongvietanh.com/lioncamp/vsl?utm_source=fb&utm_campaign=RG_TH_VSL_LionCamp_2026
GV_TH_Sales_LionCamp_2026,GV_TH_Sales_Broad,GV_TH_Sales_TH_AD09_Bonus,Single Video 9:16 + Square 1:1 (Dynamic),Bonus,Đăng ký sớm — Tặng bộ sách Tiếng Anh + áo trại,Ưu đãi Early Bird,Nhận ngay,https://truongvietanh.com/lioncamp/sales?utm_source=fb&utm_campaign=GV_TH_Sales_LionCamp_2026
GV_TH_Sales_LionCamp_2026,GV_TH_Sales_Interest,GV_TH_Sales_TH_AD09_Bonus,Single Video 9:16 + Square 1:1 (Dynamic),Bonus,Đăng ký sớm — Tặng bộ sách Tiếng Anh + áo trại,Ưu đãi Early Bird,Nhận ngay,https://truongvietanh.com/lioncamp/sales?utm_source=fb&utm_campaign=GV_TH_Sales_LionCamp_2026
GV_TH_Sales_LionCamp_2026,GV_TH_Sales_LAL,GV_TH_Sales_TH_AD09_Bonus,Single Video 9:16 + Square 1:1 (Dynamic),Bonus,Đăng ký sớm — Tặng bộ sách Tiếng Anh + áo trại,Ưu đãi Early Bird,Nhận ngay,https://truongvietanh.com/lioncamp/sales?utm_source=fb&utm_campaign=GV_TH_Sales_LionCamp_2026
GV_TH_Sales_LionCamp_2026,GV_TH_Sales_RMK,GV_TH_Sales_TH_AD09_Bonus,Single Video 9:16 + Square 1:1 (Dynamic),Bonus,Đăng ký sớm — Tặng bộ sách Tiếng Anh + áo trại,Ưu đãi Early Bird,Nhận ngay,https://truongvietanh.com/lioncamp/sales?utm_source=fb&utm_campaign=GV_TH_Sales_LionCamp_2026
BT_TH_Sales_LionCamp_2026,BT_TH_Sales_Broad,BT_TH_Sales_TH_AD09_Bonus,Single Video 9:16 + Square 1:1 (Dynamic),Bonus,Đăng ký sớm — Tặng bộ sách Tiếng Anh + áo trại,Ưu đãi Early Bird,Nhận ngay,https://truongvietanh.com/lioncamp/sales?utm_source=fb&utm_campaign=BT_TH_Sales_LionCamp_2026
BT_TH_Sales_LionCamp_2026,BT_TH_Sales_Interest,BT_TH_Sales_TH_AD09_Bonus,Single Video 9:16 + Square 1:1 (Dynamic),Bonus,Đăng ký sớm — Tặng bộ sách Tiếng Anh + áo trại,Ưu đãi Early Bird,Nhận ngay,https://truongvietanh.com/lioncamp/sales?utm_source=fb&utm_campaign=BT_TH_Sales_LionCamp_2026
BT_TH_Sales_LionCamp_2026,BT_TH_Sales_LAL,BT_TH_Sales_TH_AD09_Bonus,Single Video 9:16 + Square 1:1 (Dynamic),Bonus,Đăng ký sớm — Tặng bộ sách Tiếng Anh + áo trại,Ưu đãi Early Bird,Nhận ngay,https://truongvietanh.com/lioncamp/sales?utm_source=fb&utm_campaign=BT_TH_Sales_LionCamp_2026
BT_TH_Sales_LionCamp_2026,BT_TH_Sales_RMK,BT_TH_Sales_TH_AD09_Bonus,Single Video 9:16 + Square 1:1 (Dynamic),Bonus,Đăng ký sớm — Tặng bộ sách Tiếng Anh + áo trại,Ưu đãi Early Bird,Nhận ngay,https://truongvietanh.com/lioncamp/sales?utm_source=fb&utm_campaign=BT_TH_Sales_LionCamp_2026
CL_TH_Sales_LionCamp_2026,CL_TH_Sales_Broad,CL_TH_Sales_TH_AD09_Bonus,Single Video 9:16 + Square 1:1 (Dynamic),Bonus,Đăng ký sớm — Tặng bộ sách Tiếng Anh + áo trại,Ưu đãi Early Bird,Nhận ngay,https://truongvietanh.com/lioncamp/sales?utm_source=fb&utm_campaign=CL_TH_Sales_LionCamp_2026
CL_TH_Sales_LionCamp_2026,CL_TH_Sales_Interest,CL_TH_Sales_TH_AD09_Bonus,Single Video 9:16 + Square 1:1 (Dynamic),Bonus,Đăng ký sớm — Tặng bộ sách Tiếng Anh + áo trại,Ưu đãi Early Bird,Nhận ngay,https://truongvietanh.com/lioncamp/sales?utm_source=fb&utm_campaign=CL_TH_Sales_LionCamp_2026
CL_TH_Sales_LionCamp_2026,CL_TH_Sales_LAL,CL_TH_Sales_TH_AD09_Bonus,Single Video 9:16 + Square 1:1 (Dynamic),Bonus,Đăng ký sớm — Tặng bộ sách Tiếng Anh + áo trại,Ưu đãi Early Bird,Nhận ngay,https://truongvietanh.com/lioncamp/sales?utm_source=fb&utm_campaign=CL_TH_Sales_LionCamp_2026
CL_TH_Sales_LionCamp_2026,CL_TH_Sales_RMK,CL_TH_Sales_TH_AD09_Bonus,Single Video 9:16 + Square 1:1 (Dynamic),Bonus,Đăng ký sớm — Tặng bộ sách Tiếng Anh + áo trại,Ưu đãi Early Bird,Nhận ngay,https://truongvietanh.com/lioncamp/sales?utm_source=fb&utm_campaign=CL_TH_Sales_LionCamp_2026
RG_TH_Sales_LionCamp_2026,RG_TH_Sales_Broad,RG_TH_Sales_TH_AD09_Bonus,Single Video 9:16 + Square 1:1 (Dynamic),Bonus,Đăng ký sớm — Tặng bộ sách Tiếng Anh + áo trại,Ưu đãi Early Bird,Nhận ngay,https://truongvietanh.com/lioncamp/sales?utm_source=fb&utm_campaign=RG_TH_Sales_LionCamp_2026
RG_TH_Sales_LionCamp_2026,RG_TH_Sales_Interest,RG_TH_Sales_TH_AD09_Bonus,Single Video 9:16 + Square 1:1 (Dynamic),Bonus,Đăng ký sớm — Tặng bộ sách Tiếng Anh + áo trại,Ưu đãi Early Bird,Nhận ngay,https://truongvietanh.com/lioncamp/sales?utm_source=fb&utm_campaign=RG_TH_Sales_LionCamp_2026
RG_TH_Sales_LionCamp_2026,RG_TH_Sales_LAL,RG_TH_Sales_TH_AD09_Bonus,Single Video 9:16 + Square 1:1 (Dynamic),Bonus,Đăng ký sớm — Tặng bộ sách Tiếng Anh + áo trại,Ưu đãi Early Bird,Nhận ngay,https://truongvietanh.com/lioncamp/sales?utm_source=fb&utm_campaign=RG_TH_Sales_LionCamp_2026
RG_TH_Sales_LionCamp_2026,RG_TH_Sales_RMK,RG_TH_Sales_TH_AD09_Bonus,Single Video 9:16 + Square 1:1 (Dynamic),Bonus,Đăng ký sớm — Tặng bộ sách Tiếng Anh + áo trại,Ưu đãi Early Bird,Nhận ngay,https://truongvietanh.com/lioncamp/sales?utm_source=fb&utm_campaign=RG_TH_Sales_LionCamp_2026
GV_TH_Sales_LionCamp_2026,GV_TH_Sales_Broad,GV_TH_Sales_TH_AD10_LastCall,Single Video 9:16 + Square 1:1 (Dynamic),LastCall,Còn 7 ngày để giữ suất 50/lớp Tiểu học,Đóng đăng ký 30/04,Đăng ký gấp,https://truongvietanh.com/lioncamp/sales?utm_source=fb&utm_campaign=GV_TH_Sales_LionCamp_2026
GV_TH_Sales_LionCamp_2026,GV_TH_Sales_Interest,GV_TH_Sales_TH_AD10_LastCall,Single Video 9:16 + Square 1:1 (Dynamic),LastCall,Còn 7 ngày để giữ suất 50/lớp Tiểu học,Đóng đăng ký 30/04,Đăng ký gấp,https://truongvietanh.com/lioncamp/sales?utm_source=fb&utm_campaign=GV_TH_Sales_LionCamp_2026
GV_TH_Sales_LionCamp_2026,GV_TH_Sales_LAL,GV_TH_Sales_TH_AD10_LastCall,Single Video 9:16 + Square 1:1 (Dynamic),LastCall,Còn 7 ngày để giữ suất 50/lớp Tiểu học,Đóng đăng ký 30/04,Đăng ký gấp,https://truongvietanh.com/lioncamp/sales?utm_source=fb&utm_campaign=GV_TH_Sales_LionCamp_2026
GV_TH_Sales_LionCamp_2026,GV_TH_Sales_RMK,GV_TH_Sales_TH_AD10_LastCall,Single Video 9:16 + Square 1:1 (Dynamic),LastCall,Còn 7 ngày để giữ suất 50/lớp Tiểu học,Đóng đăng ký 30/04,Đăng ký gấp,https://truongvietanh.com/lioncamp/sales?utm_source=fb&utm_campaign=GV_TH_Sales_LionCamp_2026
BT_TH_Sales_LionCamp_2026,BT_TH_Sales_Broad,BT_TH_Sales_TH_AD10_LastCall,Single Video 9:16 + Square 1:1 (Dynamic),LastCall,Còn 7 ngày để giữ suất 50/lớp Tiểu học,Đóng đăng ký 30/04,Đăng ký gấp,https://truongvietanh.com/lioncamp/sales?utm_source=fb&utm_campaign=BT_TH_Sales_LionCamp_2026
BT_TH_Sales_LionCamp_2026,BT_TH_Sales_Interest,BT_TH_Sales_TH_AD10_LastCall,Single Video 9:16 + Square 1:1 (Dynamic),LastCall,Còn 7 ngày để giữ suất 50/lớp Tiểu học,Đóng đăng ký 30/04,Đăng ký gấp,https://truongvietanh.com/lioncamp/sales?utm_source=fb&utm_campaign=BT_TH_Sales_LionCamp_2026
BT_TH_Sales_LionCamp_2026,BT_TH_Sales_LAL,BT_TH_Sales_TH_AD10_LastCall,Single Video 9:16 + Square 1:1 (Dynamic),LastCall,Còn 7 ngày để giữ suất 50/lớp Tiểu học,Đóng đăng ký 30/04,Đăng ký gấp,https://truongvietanh.com/lioncamp/sales?utm_source=fb&utm_campaign=BT_TH_Sales_LionCamp_2026
BT_TH_Sales_LionCamp_2026,BT_TH_Sales_RMK,BT_TH_Sales_TH_AD10_LastCall,Single Video 9:16 + Square 1:1 (Dynamic),LastCall,Còn 7 ngày để giữ suất 50/lớp Tiểu học,Đóng đăng ký 30/04,Đăng ký gấp,https://truongvietanh.com/lioncamp/sales?utm_source=fb&utm_campaign=BT_TH_Sales_LionCamp_2026
CL_TH_Sales_LionCamp_2026,CL_TH_Sales_Broad,CL_TH_Sales_TH_AD10_LastCall,Single Video 9:16 + Square 1:1 (Dynamic),LastCall,Còn 7 ngày để giữ suất 50/lớp Tiểu học,Đóng đăng ký 30/04,Đăng ký gấp,https://truongvietanh.com/lioncamp/sales?utm_source=fb&utm_campaign=CL_TH_Sales_LionCamp_2026
CL_TH_Sales_LionCamp_2026,CL_TH_Sales_Interest,CL_TH_Sales_TH_AD10_LastCall,Single Video 9:16 + Square 1:1 (Dynamic),LastCall,Còn 7 ngày để giữ suất 50/lớp Tiểu học,Đóng đăng ký 30/04,Đăng ký gấp,https://truongvietanh.com/lioncamp/sales?utm_source=fb&utm_campaign=CL_TH_Sales_LionCamp_2026
CL_TH_Sales_LionCamp_2026,CL_TH_Sales_LAL,CL_TH_Sales_TH_AD10_LastCall,Single Video 9:16 + Square 1:1 (Dynamic),LastCall,Còn 7 ngày để giữ suất 50/lớp Tiểu học,Đóng đăng ký 30/04,Đăng ký gấp,https://truongvietanh.com/lioncamp/sales?utm_source=fb&utm_campaign=CL_TH_Sales_LionCamp_2026
CL_TH_Sales_LionCamp_2026,CL_TH_Sales_RMK,CL_TH_Sales_TH_AD10_LastCall,Single Video 9:16 + Square 1:1 (Dynamic),LastCall,Còn 7 ngày để giữ suất 50/lớp Tiểu học,Đóng đăng ký 30/04,Đăng ký gấp,https://truongvietanh.com/lioncamp/sales?utm_source=fb&utm_campaign=CL_TH_Sales_LionCamp_2026
RG_TH_Sales_LionCamp_2026,RG_TH_Sales_Broad,RG_TH_Sales_TH_AD10_LastCall,Single Video 9:16 + Square 1:1 (Dynamic),LastCall,Còn 7 ngày để giữ suất 50/lớp Tiểu học,Đóng đăng ký 30/04,Đăng ký gấp,https://truongvietanh.com/lioncamp/sales?utm_source=fb&utm_campaign=RG_TH_Sales_LionCamp_2026
RG_TH_Sales_LionCamp_2026,RG_TH_Sales_Interest,RG_TH_Sales_TH_AD10_LastCall,Single Video 9:16 + Square 1:1 (Dynamic),LastCall,Còn 7 ngày để giữ suất 50/lớp Tiểu học,Đóng đăng ký 30/04,Đăng ký gấp,https://truongvietanh.com/lioncamp/sales?utm_source=fb&utm_campaign=RG_TH_Sales_LionCamp_2026
RG_TH_Sales_LionCamp_2026,RG_TH_Sales_LAL,RG_TH_Sales_TH_AD10_LastCall,Single Video 9:16 + Square 1:1 (Dynamic),LastCall,Còn 7 ngày để giữ suất 50/lớp Tiểu học,Đóng đăng ký 30/04,Đăng ký gấp,https://truongvietanh.com/lioncamp/sales?utm_source=fb&utm_campaign=RG_TH_Sales_LionCamp_2026
RG_TH_Sales_LionCamp_2026,RG_TH_Sales_RMK,RG_TH_Sales_TH_AD10_LastCall,Single Video 9:16 + Square 1:1 (Dynamic),LastCall,Còn 7 ngày để giữ suất 50/lớp Tiểu học,Đóng đăng ký 30/04,Đăng ký gấp,https://truongvietanh.com/lioncamp/sales?utm_source=fb&utm_campaign=RG_TH_Sales_LionCamp_2026
GV_THCS_Quiz_LionCamp_2026,GV_THCS_Quiz_Broad,GV_THCS_Quiz_THCS_AD01_Pain,Single Video 9:16 + Square 1:1 (Dynamic),Pain,"Con bắt đầu mất định hướng, mê game, lười học?",THCS — Tuổi vàng định hướng,Test miễn phí,https://truongvietanh.com/lioncamp/quiz?utm_source=fb&utm_campaign=GV_THCS_Quiz_LionCamp_2026
GV_THCS_Quiz_LionCamp_2026,GV_THCS_Quiz_Interest,GV_THCS_Quiz_THCS_AD01_Pain,Single Video 9:16 + Square 1:1 (Dynamic),Pain,"Con bắt đầu mất định hướng, mê game, lười học?",THCS — Tuổi vàng định hướng,Test miễn phí,https://truongvietanh.com/lioncamp/quiz?utm_source=fb&utm_campaign=GV_THCS_Quiz_LionCamp_2026
GV_THCS_Quiz_LionCamp_2026,GV_THCS_Quiz_LAL,GV_THCS_Quiz_THCS_AD01_Pain,Single Video 9:16 + Square 1:1 (Dynamic),Pain,"Con bắt đầu mất định hướng, mê game, lười học?",THCS — Tuổi vàng định hướng,Test miễn phí,https://truongvietanh.com/lioncamp/quiz?utm_source=fb&utm_campaign=GV_THCS_Quiz_LionCamp_2026
GV_THCS_Quiz_LionCamp_2026,GV_THCS_Quiz_RMK,GV_THCS_Quiz_THCS_AD01_Pain,Single Video 9:16 + Square 1:1 (Dynamic),Pain,"Con bắt đầu mất định hướng, mê game, lười học?",THCS — Tuổi vàng định hướng,Test miễn phí,https://truongvietanh.com/lioncamp/quiz?utm_source=fb&utm_campaign=GV_THCS_Quiz_LionCamp_2026
BT_THCS_Quiz_LionCamp_2026,BT_THCS_Quiz_Broad,BT_THCS_Quiz_THCS_AD01_Pain,Single Video 9:16 + Square 1:1 (Dynamic),Pain,"Con bắt đầu mất định hướng, mê game, lười học?",THCS — Tuổi vàng định hướng,Test miễn phí,https://truongvietanh.com/lioncamp/quiz?utm_source=fb&utm_campaign=BT_THCS_Quiz_LionCamp_2026
BT_THCS_Quiz_LionCamp_2026,BT_THCS_Quiz_Interest,BT_THCS_Quiz_THCS_AD01_Pain,Single Video 9:16 + Square 1:1 (Dynamic),Pain,"Con bắt đầu mất định hướng, mê game, lười học?",THCS — Tuổi vàng định hướng,Test miễn phí,https://truongvietanh.com/lioncamp/quiz?utm_source=fb&utm_campaign=BT_THCS_Quiz_LionCamp_2026
BT_THCS_Quiz_LionCamp_2026,BT_THCS_Quiz_LAL,BT_THCS_Quiz_THCS_AD01_Pain,Single Video 9:16 + Square 1:1 (Dynamic),Pain,"Con bắt đầu mất định hướng, mê game, lười học?",THCS — Tuổi vàng định hướng,Test miễn phí,https://truongvietanh.com/lioncamp/quiz?utm_source=fb&utm_campaign=BT_THCS_Quiz_LionCamp_2026
BT_THCS_Quiz_LionCamp_2026,BT_THCS_Quiz_RMK,BT_THCS_Quiz_THCS_AD01_Pain,Single Video 9:16 + Square 1:1 (Dynamic),Pain,"Con bắt đầu mất định hướng, mê game, lười học?",THCS — Tuổi vàng định hướng,Test miễn phí,https://truongvietanh.com/lioncamp/quiz?utm_source=fb&utm_campaign=BT_THCS_Quiz_LionCamp_2026
GV_THCS_VSL_LionCamp_2026,GV_THCS_VSL_Broad,GV_THCS_VSL_THCS_AD02_Identity,Single Video 9:16 + Square 1:1 (Dynamic),Identity,Độ tuổi 11–15 quyết định 80% tương lai con,Lion Camp THCS,Tìm hiểu,https://truongvietanh.com/lioncamp/vsl?utm_source=fb&utm_campaign=GV_THCS_VSL_LionCamp_2026
GV_THCS_VSL_LionCamp_2026,GV_THCS_VSL_Interest,GV_THCS_VSL_THCS_AD02_Identity,Single Video 9:16 + Square 1:1 (Dynamic),Identity,Độ tuổi 11–15 quyết định 80% tương lai con,Lion Camp THCS,Tìm hiểu,https://truongvietanh.com/lioncamp/vsl?utm_source=fb&utm_campaign=GV_THCS_VSL_LionCamp_2026
GV_THCS_VSL_LionCamp_2026,GV_THCS_VSL_LAL,GV_THCS_VSL_THCS_AD02_Identity,Single Video 9:16 + Square 1:1 (Dynamic),Identity,Độ tuổi 11–15 quyết định 80% tương lai con,Lion Camp THCS,Tìm hiểu,https://truongvietanh.com/lioncamp/vsl?utm_source=fb&utm_campaign=GV_THCS_VSL_LionCamp_2026
GV_THCS_VSL_LionCamp_2026,GV_THCS_VSL_RMK,GV_THCS_VSL_THCS_AD02_Identity,Single Video 9:16 + Square 1:1 (Dynamic),Identity,Độ tuổi 11–15 quyết định 80% tương lai con,Lion Camp THCS,Tìm hiểu,https://truongvietanh.com/lioncamp/vsl?utm_source=fb&utm_campaign=GV_THCS_VSL_LionCamp_2026
BT_THCS_VSL_LionCamp_2026,BT_THCS_VSL_Broad,BT_THCS_VSL_THCS_AD02_Identity,Single Video 9:16 + Square 1:1 (Dynamic),Identity,Độ tuổi 11–15 quyết định 80% tương lai con,Lion Camp THCS,Tìm hiểu,https://truongvietanh.com/lioncamp/vsl?utm_source=fb&utm_campaign=BT_THCS_VSL_LionCamp_2026
BT_THCS_VSL_LionCamp_2026,BT_THCS_VSL_Interest,BT_THCS_VSL_THCS_AD02_Identity,Single Video 9:16 + Square 1:1 (Dynamic),Identity,Độ tuổi 11–15 quyết định 80% tương lai con,Lion Camp THCS,Tìm hiểu,https://truongvietanh.com/lioncamp/vsl?utm_source=fb&utm_campaign=BT_THCS_VSL_LionCamp_2026
BT_THCS_VSL_LionCamp_2026,BT_THCS_VSL_LAL,BT_THCS_VSL_THCS_AD02_Identity,Single Video 9:16 + Square 1:1 (Dynamic),Identity,Độ tuổi 11–15 quyết định 80% tương lai con,Lion Camp THCS,Tìm hiểu,https://truongvietanh.com/lioncamp/vsl?utm_source=fb&utm_campaign=BT_THCS_VSL_LionCamp_2026
BT_THCS_VSL_LionCamp_2026,BT_THCS_VSL_RMK,BT_THCS_VSL_THCS_AD02_Identity,Single Video 9:16 + Square 1:1 (Dynamic),Identity,Độ tuổi 11–15 quyết định 80% tương lai con,Lion Camp THCS,Tìm hiểu,https://truongvietanh.com/lioncamp/vsl?utm_source=fb&utm_campaign=BT_THCS_VSL_LionCamp_2026
GV_THCS_Quiz_LionCamp_2026,GV_THCS_Quiz_Broad,GV_THCS_Quiz_THCS_AD03_Peer,Single Video 9:16 + Square 1:1 (Dynamic),Peer,Bạn bè con đang đi trước — Còn con bạn?,Đừng để con bị bỏ lại,Đăng ký quiz,https://truongvietanh.com/lioncamp/quiz?utm_source=fb&utm_campaign=GV_THCS_Quiz_LionCamp_2026
GV_THCS_Quiz_LionCamp_2026,GV_THCS_Quiz_Interest,GV_THCS_Quiz_THCS_AD03_Peer,Single Video 9:16 + Square 1:1 (Dynamic),Peer,Bạn bè con đang đi trước — Còn con bạn?,Đừng để con bị bỏ lại,Đăng ký quiz,https://truongvietanh.com/lioncamp/quiz?utm_source=fb&utm_campaign=GV_THCS_Quiz_LionCamp_2026
GV_THCS_Quiz_LionCamp_2026,GV_THCS_Quiz_LAL,GV_THCS_Quiz_THCS_AD03_Peer,Single Video 9:16 + Square 1:1 (Dynamic),Peer,Bạn bè con đang đi trước — Còn con bạn?,Đừng để con bị bỏ lại,Đăng ký quiz,https://truongvietanh.com/lioncamp/quiz?utm_source=fb&utm_campaign=GV_THCS_Quiz_LionCamp_2026
GV_THCS_Quiz_LionCamp_2026,GV_THCS_Quiz_RMK,GV_THCS_Quiz_THCS_AD03_Peer,Single Video 9:16 + Square 1:1 (Dynamic),Peer,Bạn bè con đang đi trước — Còn con bạn?,Đừng để con bị bỏ lại,Đăng ký quiz,https://truongvietanh.com/lioncamp/quiz?utm_source=fb&utm_campaign=GV_THCS_Quiz_LionCamp_2026
BT_THCS_Quiz_LionCamp_2026,BT_THCS_Quiz_Broad,BT_THCS_Quiz_THCS_AD03_Peer,Single Video 9:16 + Square 1:1 (Dynamic),Peer,Bạn bè con đang đi trước — Còn con bạn?,Đừng để con bị bỏ lại,Đăng ký quiz,https://truongvietanh.com/lioncamp/quiz?utm_source=fb&utm_campaign=BT_THCS_Quiz_LionCamp_2026
BT_THCS_Quiz_LionCamp_2026,BT_THCS_Quiz_Interest,BT_THCS_Quiz_THCS_AD03_Peer,Single Video 9:16 + Square 1:1 (Dynamic),Peer,Bạn bè con đang đi trước — Còn con bạn?,Đừng để con bị bỏ lại,Đăng ký quiz,https://truongvietanh.com/lioncamp/quiz?utm_source=fb&utm_campaign=BT_THCS_Quiz_LionCamp_2026
BT_THCS_Quiz_LionCamp_2026,BT_THCS_Quiz_LAL,BT_THCS_Quiz_THCS_AD03_Peer,Single Video 9:16 + Square 1:1 (Dynamic),Peer,Bạn bè con đang đi trước — Còn con bạn?,Đừng để con bị bỏ lại,Đăng ký quiz,https://truongvietanh.com/lioncamp/quiz?utm_source=fb&utm_campaign=BT_THCS_Quiz_LionCamp_2026
BT_THCS_Quiz_LionCamp_2026,BT_THCS_Quiz_RMK,BT_THCS_Quiz_THCS_AD03_Peer,Single Video 9:16 + Square 1:1 (Dynamic),Peer,Bạn bè con đang đi trước — Còn con bạn?,Đừng để con bị bỏ lại,Đăng ký quiz,https://truongvietanh.com/lioncamp/quiz?utm_source=fb&utm_campaign=BT_THCS_Quiz_LionCamp_2026
GV_THCS_VSL_LionCamp_2026,GV_THCS_VSL_Broad,GV_THCS_VSL_THCS_AD04_Skill,Single Video 9:16 + Square 1:1 (Dynamic),Skill,Tư duy + Tiếng Anh + Kỹ năng — All in 1 trại hè,Combo phát triển toàn diện,Xem chương trình,https://truongvietanh.com/lioncamp/vsl?utm_source=fb&utm_campaign=GV_THCS_VSL_LionCamp_2026
GV_THCS_VSL_LionCamp_2026,GV_THCS_VSL_Interest,GV_THCS_VSL_THCS_AD04_Skill,Single Video 9:16 + Square 1:1 (Dynamic),Skill,Tư duy + Tiếng Anh + Kỹ năng — All in 1 trại hè,Combo phát triển toàn diện,Xem chương trình,https://truongvietanh.com/lioncamp/vsl?utm_source=fb&utm_campaign=GV_THCS_VSL_LionCamp_2026
GV_THCS_VSL_LionCamp_2026,GV_THCS_VSL_LAL,GV_THCS_VSL_THCS_AD04_Skill,Single Video 9:16 + Square 1:1 (Dynamic),Skill,Tư duy + Tiếng Anh + Kỹ năng — All in 1 trại hè,Combo phát triển toàn diện,Xem chương trình,https://truongvietanh.com/lioncamp/vsl?utm_source=fb&utm_campaign=GV_THCS_VSL_LionCamp_2026
GV_THCS_VSL_LionCamp_2026,GV_THCS_VSL_RMK,GV_THCS_VSL_THCS_AD04_Skill,Single Video 9:16 + Square 1:1 (Dynamic),Skill,Tư duy + Tiếng Anh + Kỹ năng — All in 1 trại hè,Combo phát triển toàn diện,Xem chương trình,https://truongvietanh.com/lioncamp/vsl?utm_source=fb&utm_campaign=GV_THCS_VSL_LionCamp_2026
BT_THCS_VSL_LionCamp_2026,BT_THCS_VSL_Broad,BT_THCS_VSL_THCS_AD04_Skill,Single Video 9:16 + Square 1:1 (Dynamic),Skill,Tư duy + Tiếng Anh + Kỹ năng — All in 1 trại hè,Combo phát triển toàn diện,Xem chương trình,https://truongvietanh.com/lioncamp/vsl?utm_source=fb&utm_campaign=BT_THCS_VSL_LionCamp_2026
BT_THCS_VSL_LionCamp_2026,BT_THCS_VSL_Interest,BT_THCS_VSL_THCS_AD04_Skill,Single Video 9:16 + Square 1:1 (Dynamic),Skill,Tư duy + Tiếng Anh + Kỹ năng — All in 1 trại hè,Combo phát triển toàn diện,Xem chương trình,https://truongvietanh.com/lioncamp/vsl?utm_source=fb&utm_campaign=BT_THCS_VSL_LionCamp_2026
BT_THCS_VSL_LionCamp_2026,BT_THCS_VSL_LAL,BT_THCS_VSL_THCS_AD04_Skill,Single Video 9:16 + Square 1:1 (Dynamic),Skill,Tư duy + Tiếng Anh + Kỹ năng — All in 1 trại hè,Combo phát triển toàn diện,Xem chương trình,https://truongvietanh.com/lioncamp/vsl?utm_source=fb&utm_campaign=BT_THCS_VSL_LionCamp_2026
BT_THCS_VSL_LionCamp_2026,BT_THCS_VSL_RMK,BT_THCS_VSL_THCS_AD04_Skill,Single Video 9:16 + Square 1:1 (Dynamic),Skill,Tư duy + Tiếng Anh + Kỹ năng — All in 1 trại hè,Combo phát triển toàn diện,Xem chương trình,https://truongvietanh.com/lioncamp/vsl?utm_source=fb&utm_campaign=BT_THCS_VSL_LionCamp_2026
GV_THCS_Sales_LionCamp_2026,GV_THCS_Sales_Broad,GV_THCS_Sales_THCS_AD05_Urgency,Single Video 9:16 + Square 1:1 (Dynamic),Urgency,Đã full 70% suất THCS Gò Vấp — Còn 30 suất,Sắp đóng đăng ký,Giữ chỗ,https://truongvietanh.com/lioncamp/sales?utm_source=fb&utm_campaign=GV_THCS_Sales_LionCamp_2026
GV_THCS_Sales_LionCamp_2026,GV_THCS_Sales_Interest,GV_THCS_Sales_THCS_AD05_Urgency,Single Video 9:16 + Square 1:1 (Dynamic),Urgency,Đã full 70% suất THCS Gò Vấp — Còn 30 suất,Sắp đóng đăng ký,Giữ chỗ,https://truongvietanh.com/lioncamp/sales?utm_source=fb&utm_campaign=GV_THCS_Sales_LionCamp_2026
GV_THCS_Sales_LionCamp_2026,GV_THCS_Sales_LAL,GV_THCS_Sales_THCS_AD05_Urgency,Single Video 9:16 + Square 1:1 (Dynamic),Urgency,Đã full 70% suất THCS Gò Vấp — Còn 30 suất,Sắp đóng đăng ký,Giữ chỗ,https://truongvietanh.com/lioncamp/sales?utm_source=fb&utm_campaign=GV_THCS_Sales_LionCamp_2026
GV_THCS_Sales_LionCamp_2026,GV_THCS_Sales_RMK,GV_THCS_Sales_THCS_AD05_Urgency,Single Video 9:16 + Square 1:1 (Dynamic),Urgency,Đã full 70% suất THCS Gò Vấp — Còn 30 suất,Sắp đóng đăng ký,Giữ chỗ,https://truongvietanh.com/lioncamp/sales?utm_source=fb&utm_campaign=GV_THCS_Sales_LionCamp_2026
BT_THCS_Sales_LionCamp_2026,BT_THCS_Sales_Broad,BT_THCS_Sales_THCS_AD05_Urgency,Single Video 9:16 + Square 1:1 (Dynamic),Urgency,Đã full 70% suất THCS Gò Vấp — Còn 30 suất,Sắp đóng đăng ký,Giữ chỗ,https://truongvietanh.com/lioncamp/sales?utm_source=fb&utm_campaign=BT_THCS_Sales_LionCamp_2026
BT_THCS_Sales_LionCamp_2026,BT_THCS_Sales_Interest,BT_THCS_Sales_THCS_AD05_Urgency,Single Video 9:16 + Square 1:1 (Dynamic),Urgency,Đã full 70% suất THCS Gò Vấp — Còn 30 suất,Sắp đóng đăng ký,Giữ chỗ,https://truongvietanh.com/lioncamp/sales?utm_source=fb&utm_campaign=BT_THCS_Sales_LionCamp_2026
BT_THCS_Sales_LionCamp_2026,BT_THCS_Sales_LAL,BT_THCS_Sales_THCS_AD05_Urgency,Single Video 9:16 + Square 1:1 (Dynamic),Urgency,Đã full 70% suất THCS Gò Vấp — Còn 30 suất,Sắp đóng đăng ký,Giữ chỗ,https://truongvietanh.com/lioncamp/sales?utm_source=fb&utm_campaign=BT_THCS_Sales_LionCamp_2026
BT_THCS_Sales_LionCamp_2026,BT_THCS_Sales_RMK,BT_THCS_Sales_THCS_AD05_Urgency,Single Video 9:16 + Square 1:1 (Dynamic),Urgency,Đã full 70% suất THCS Gò Vấp — Còn 30 suất,Sắp đóng đăng ký,Giữ chỗ,https://truongvietanh.com/lioncamp/sales?utm_source=fb&utm_campaign=BT_THCS_Sales_LionCamp_2026
GV_THCS_VSL_LionCamp_2026,GV_THCS_VSL_Broad,GV_THCS_VSL_THCS_AD06_Outcome,Single Video 9:16 + Square 1:1 (Dynamic),Outcome,Sau 4 tuần: Con biết mình muốn gì + lập kế hoạch,Outcome thực tế,Xem case,https://truongvietanh.com/lioncamp/vsl?utm_source=fb&utm_campaign=GV_THCS_VSL_LionCamp_2026
GV_THCS_VSL_LionCamp_2026,GV_THCS_VSL_Interest,GV_THCS_VSL_THCS_AD06_Outcome,Single Video 9:16 + Square 1:1 (Dynamic),Outcome,Sau 4 tuần: Con biết mình muốn gì + lập kế hoạch,Outcome thực tế,Xem case,https://truongvietanh.com/lioncamp/vsl?utm_source=fb&utm_campaign=GV_THCS_VSL_LionCamp_2026
GV_THCS_VSL_LionCamp_2026,GV_THCS_VSL_LAL,GV_THCS_VSL_THCS_AD06_Outcome,Single Video 9:16 + Square 1:1 (Dynamic),Outcome,Sau 4 tuần: Con biết mình muốn gì + lập kế hoạch,Outcome thực tế,Xem case,https://truongvietanh.com/lioncamp/vsl?utm_source=fb&utm_campaign=GV_THCS_VSL_LionCamp_2026
GV_THCS_VSL_LionCamp_2026,GV_THCS_VSL_RMK,GV_THCS_VSL_THCS_AD06_Outcome,Single Video 9:16 + Square 1:1 (Dynamic),Outcome,Sau 4 tuần: Con biết mình muốn gì + lập kế hoạch,Outcome thực tế,Xem case,https://truongvietanh.com/lioncamp/vsl?utm_source=fb&utm_campaign=GV_THCS_VSL_LionCamp_2026
BT_THCS_VSL_LionCamp_2026,BT_THCS_VSL_Broad,BT_THCS_VSL_THCS_AD06_Outcome,Single Video 9:16 + Square 1:1 (Dynamic),Outcome,Sau 4 tuần: Con biết mình muốn gì + lập kế hoạch,Outcome thực tế,Xem case,https://truongvietanh.com/lioncamp/vsl?utm_source=fb&utm_campaign=BT_THCS_VSL_LionCamp_2026
BT_THCS_VSL_LionCamp_2026,BT_THCS_VSL_Interest,BT_THCS_VSL_THCS_AD06_Outcome,Single Video 9:16 + Square 1:1 (Dynamic),Outcome,Sau 4 tuần: Con biết mình muốn gì + lập kế hoạch,Outcome thực tế,Xem case,https://truongvietanh.com/lioncamp/vsl?utm_source=fb&utm_campaign=BT_THCS_VSL_LionCamp_2026
BT_THCS_VSL_LionCamp_2026,BT_THCS_VSL_LAL,BT_THCS_VSL_THCS_AD06_Outcome,Single Video 9:16 + Square 1:1 (Dynamic),Outcome,Sau 4 tuần: Con biết mình muốn gì + lập kế hoạch,Outcome thực tế,Xem case,https://truongvietanh.com/lioncamp/vsl?utm_source=fb&utm_campaign=BT_THCS_VSL_LionCamp_2026
BT_THCS_VSL_LionCamp_2026,BT_THCS_VSL_RMK,BT_THCS_VSL_THCS_AD06_Outcome,Single Video 9:16 + Square 1:1 (Dynamic),Outcome,Sau 4 tuần: Con biết mình muốn gì + lập kế hoạch,Outcome thực tế,Xem case,https://truongvietanh.com/lioncamp/vsl?utm_source=fb&utm_campaign=BT_THCS_VSL_LionCamp_2026
GV_THCS_Quiz_LionCamp_2026,GV_THCS_Quiz_Broad,GV_THCS_Quiz_THCS_AD07_Schedule,Single Video 9:16 + Square 1:1 (Dynamic),Schedule,Lịch trại 4 tuần — Cuối tuần được về nhà,Lịch THCS 2026,Xem lịch,https://truongvietanh.com/lioncamp/quiz?utm_source=fb&utm_campaign=GV_THCS_Quiz_LionCamp_2026
GV_THCS_Quiz_LionCamp_2026,GV_THCS_Quiz_Interest,GV_THCS_Quiz_THCS_AD07_Schedule,Single Video 9:16 + Square 1:1 (Dynamic),Schedule,Lịch trại 4 tuần — Cuối tuần được về nhà,Lịch THCS 2026,Xem lịch,https://truongvietanh.com/lioncamp/quiz?utm_source=fb&utm_campaign=GV_THCS_Quiz_LionCamp_2026
GV_THCS_Quiz_LionCamp_2026,GV_THCS_Quiz_LAL,GV_THCS_Quiz_THCS_AD07_Schedule,Single Video 9:16 + Square 1:1 (Dynamic),Schedule,Lịch trại 4 tuần — Cuối tuần được về nhà,Lịch THCS 2026,Xem lịch,https://truongvietanh.com/lioncamp/quiz?utm_source=fb&utm_campaign=GV_THCS_Quiz_LionCamp_2026
GV_THCS_Quiz_LionCamp_2026,GV_THCS_Quiz_RMK,GV_THCS_Quiz_THCS_AD07_Schedule,Single Video 9:16 + Square 1:1 (Dynamic),Schedule,Lịch trại 4 tuần — Cuối tuần được về nhà,Lịch THCS 2026,Xem lịch,https://truongvietanh.com/lioncamp/quiz?utm_source=fb&utm_campaign=GV_THCS_Quiz_LionCamp_2026
BT_THCS_Quiz_LionCamp_2026,BT_THCS_Quiz_Broad,BT_THCS_Quiz_THCS_AD07_Schedule,Single Video 9:16 + Square 1:1 (Dynamic),Schedule,Lịch trại 4 tuần — Cuối tuần được về nhà,Lịch THCS 2026,Xem lịch,https://truongvietanh.com/lioncamp/quiz?utm_source=fb&utm_campaign=BT_THCS_Quiz_LionCamp_2026
BT_THCS_Quiz_LionCamp_2026,BT_THCS_Quiz_Interest,BT_THCS_Quiz_THCS_AD07_Schedule,Single Video 9:16 + Square 1:1 (Dynamic),Schedule,Lịch trại 4 tuần — Cuối tuần được về nhà,Lịch THCS 2026,Xem lịch,https://truongvietanh.com/lioncamp/quiz?utm_source=fb&utm_campaign=BT_THCS_Quiz_LionCamp_2026
BT_THCS_Quiz_LionCamp_2026,BT_THCS_Quiz_LAL,BT_THCS_Quiz_THCS_AD07_Schedule,Single Video 9:16 + Square 1:1 (Dynamic),Schedule,Lịch trại 4 tuần — Cuối tuần được về nhà,Lịch THCS 2026,Xem lịch,https://truongvietanh.com/lioncamp/quiz?utm_source=fb&utm_campaign=BT_THCS_Quiz_LionCamp_2026
BT_THCS_Quiz_LionCamp_2026,BT_THCS_Quiz_RMK,BT_THCS_Quiz_THCS_AD07_Schedule,Single Video 9:16 + Square 1:1 (Dynamic),Schedule,Lịch trại 4 tuần — Cuối tuần được về nhà,Lịch THCS 2026,Xem lịch,https://truongvietanh.com/lioncamp/quiz?utm_source=fb&utm_campaign=BT_THCS_Quiz_LionCamp_2026
GV_THCS_VSL_LionCamp_2026,GV_THCS_VSL_Broad,GV_THCS_VSL_THCS_AD08_ParentVoice,Single Video 9:16 + Square 1:1 (Dynamic),ParentVoice,“Con tôi thay đổi 180°” — PH chia sẻ,Câu chuyện thật,Đọc thêm,https://truongvietanh.com/lioncamp/vsl?utm_source=fb&utm_campaign=GV_THCS_VSL_LionCamp_2026
GV_THCS_VSL_LionCamp_2026,GV_THCS_VSL_Interest,GV_THCS_VSL_THCS_AD08_ParentVoice,Single Video 9:16 + Square 1:1 (Dynamic),ParentVoice,“Con tôi thay đổi 180°” — PH chia sẻ,Câu chuyện thật,Đọc thêm,https://truongvietanh.com/lioncamp/vsl?utm_source=fb&utm_campaign=GV_THCS_VSL_LionCamp_2026
GV_THCS_VSL_LionCamp_2026,GV_THCS_VSL_LAL,GV_THCS_VSL_THCS_AD08_ParentVoice,Single Video 9:16 + Square 1:1 (Dynamic),ParentVoice,“Con tôi thay đổi 180°” — PH chia sẻ,Câu chuyện thật,Đọc thêm,https://truongvietanh.com/lioncamp/vsl?utm_source=fb&utm_campaign=GV_THCS_VSL_LionCamp_2026
GV_THCS_VSL_LionCamp_2026,GV_THCS_VSL_RMK,GV_THCS_VSL_THCS_AD08_ParentVoice,Single Video 9:16 + Square 1:1 (Dynamic),ParentVoice,“Con tôi thay đổi 180°” — PH chia sẻ,Câu chuyện thật,Đọc thêm,https://truongvietanh.com/lioncamp/vsl?utm_source=fb&utm_campaign=GV_THCS_VSL_LionCamp_2026
BT_THCS_VSL_LionCamp_2026,BT_THCS_VSL_Broad,BT_THCS_VSL_THCS_AD08_ParentVoice,Single Video 9:16 + Square 1:1 (Dynamic),ParentVoice,“Con tôi thay đổi 180°” — PH chia sẻ,Câu chuyện thật,Đọc thêm,https://truongvietanh.com/lioncamp/vsl?utm_source=fb&utm_campaign=BT_THCS_VSL_LionCamp_2026
BT_THCS_VSL_LionCamp_2026,BT_THCS_VSL_Interest,BT_THCS_VSL_THCS_AD08_ParentVoice,Single Video 9:16 + Square 1:1 (Dynamic),ParentVoice,“Con tôi thay đổi 180°” — PH chia sẻ,Câu chuyện thật,Đọc thêm,https://truongvietanh.com/lioncamp/vsl?utm_source=fb&utm_campaign=BT_THCS_VSL_LionCamp_2026
BT_THCS_VSL_LionCamp_2026,BT_THCS_VSL_LAL,BT_THCS_VSL_THCS_AD08_ParentVoice,Single Video 9:16 + Square 1:1 (Dynamic),ParentVoice,“Con tôi thay đổi 180°” — PH chia sẻ,Câu chuyện thật,Đọc thêm,https://truongvietanh.com/lioncamp/vsl?utm_source=fb&utm_campaign=BT_THCS_VSL_LionCamp_2026
BT_THCS_VSL_LionCamp_2026,BT_THCS_VSL_RMK,BT_THCS_VSL_THCS_AD08_ParentVoice,Single Video 9:16 + Square 1:1 (Dynamic),ParentVoice,“Con tôi thay đổi 180°” — PH chia sẻ,Câu chuyện thật,Đọc thêm,https://truongvietanh.com/lioncamp/vsl?utm_source=fb&utm_campaign=BT_THCS_VSL_LionCamp_2026
GV_THCS_Sales_LionCamp_2026,GV_THCS_Sales_Broad,GV_THCS_Sales_THCS_AD09_Local,Single Video 9:16 + Square 1:1 (Dynamic),Local,Trại hè THCS ngay Bình Tân — Đi học gần nhà,Tiện cho phụ huynh đi làm,Đăng ký,https://truongvietanh.com/lioncamp/sales?utm_source=fb&utm_campaign=GV_THCS_Sales_LionCamp_2026
GV_THCS_Sales_LionCamp_2026,GV_THCS_Sales_Interest,GV_THCS_Sales_THCS_AD09_Local,Single Video 9:16 + Square 1:1 (Dynamic),Local,Trại hè THCS ngay Bình Tân — Đi học gần nhà,Tiện cho phụ huynh đi làm,Đăng ký,https://truongvietanh.com/lioncamp/sales?utm_source=fb&utm_campaign=GV_THCS_Sales_LionCamp_2026
GV_THCS_Sales_LionCamp_2026,GV_THCS_Sales_LAL,GV_THCS_Sales_THCS_AD09_Local,Single Video 9:16 + Square 1:1 (Dynamic),Local,Trại hè THCS ngay Bình Tân — Đi học gần nhà,Tiện cho phụ huynh đi làm,Đăng ký,https://truongvietanh.com/lioncamp/sales?utm_source=fb&utm_campaign=GV_THCS_Sales_LionCamp_2026
GV_THCS_Sales_LionCamp_2026,GV_THCS_Sales_RMK,GV_THCS_Sales_THCS_AD09_Local,Single Video 9:16 + Square 1:1 (Dynamic),Local,Trại hè THCS ngay Bình Tân — Đi học gần nhà,Tiện cho phụ huynh đi làm,Đăng ký,https://truongvietanh.com/lioncamp/sales?utm_source=fb&utm_campaign=GV_THCS_Sales_LionCamp_2026
BT_THCS_Sales_LionCamp_2026,BT_THCS_Sales_Broad,BT_THCS_Sales_THCS_AD09_Local,Single Video 9:16 + Square 1:1 (Dynamic),Local,Trại hè THCS ngay Bình Tân — Đi học gần nhà,Tiện cho phụ huynh đi làm,Đăng ký,https://truongvietanh.com/lioncamp/sales?utm_source=fb&utm_campaign=BT_THCS_Sales_LionCamp_2026
BT_THCS_Sales_LionCamp_2026,BT_THCS_Sales_Interest,BT_THCS_Sales_THCS_AD09_Local,Single Video 9:16 + Square 1:1 (Dynamic),Local,Trại hè THCS ngay Bình Tân — Đi học gần nhà,Tiện cho phụ huynh đi làm,Đăng ký,https://truongvietanh.com/lioncamp/sales?utm_source=fb&utm_campaign=BT_THCS_Sales_LionCamp_2026
BT_THCS_Sales_LionCamp_2026,BT_THCS_Sales_LAL,BT_THCS_Sales_THCS_AD09_Local,Single Video 9:16 + Square 1:1 (Dynamic),Local,Trại hè THCS ngay Bình Tân — Đi học gần nhà,Tiện cho phụ huynh đi làm,Đăng ký,https://truongvietanh.com/lioncamp/sales?utm_source=fb&utm_campaign=BT_THCS_Sales_LionCamp_2026
BT_THCS_Sales_LionCamp_2026,BT_THCS_Sales_RMK,BT_THCS_Sales_THCS_AD09_Local,Single Video 9:16 + Square 1:1 (Dynamic),Local,Trại hè THCS ngay Bình Tân — Đi học gần nhà,Tiện cho phụ huynh đi làm,Đăng ký,https://truongvietanh.com/lioncamp/sales?utm_source=fb&utm_campaign=BT_THCS_Sales_LionCamp_2026
GV_THCS_Sales_LionCamp_2026,GV_THCS_Sales_Broad,GV_THCS_Sales_THCS_AD10_LastCall,Single Video 9:16 + Square 1:1 (Dynamic),LastCall,Đợt 1 hết — Đợt 2 chỉ còn 12 suất,Đợt cuối,Đăng ký gấp,https://truongvietanh.com/lioncamp/sales?utm_source=fb&utm_campaign=GV_THCS_Sales_LionCamp_2026
GV_THCS_Sales_LionCamp_2026,GV_THCS_Sales_Interest,GV_THCS_Sales_THCS_AD10_LastCall,Single Video 9:16 + Square 1:1 (Dynamic),LastCall,Đợt 1 hết — Đợt 2 chỉ còn 12 suất,Đợt cuối,Đăng ký gấp,https://truongvietanh.com/lioncamp/sales?utm_source=fb&utm_campaign=GV_THCS_Sales_LionCamp_2026
GV_THCS_Sales_LionCamp_2026,GV_THCS_Sales_LAL,GV_THCS_Sales_THCS_AD10_LastCall,Single Video 9:16 + Square 1:1 (Dynamic),LastCall,Đợt 1 hết — Đợt 2 chỉ còn 12 suất,Đợt cuối,Đăng ký gấp,https://truongvietanh.com/lioncamp/sales?utm_source=fb&utm_campaign=GV_THCS_Sales_LionCamp_2026
GV_THCS_Sales_LionCamp_2026,GV_THCS_Sales_RMK,GV_THCS_Sales_THCS_AD10_LastCall,Single Video 9:16 + Square 1:1 (Dynamic),LastCall,Đợt 1 hết — Đợt 2 chỉ còn 12 suất,Đợt cuối,Đăng ký gấp,https://truongvietanh.com/lioncamp/sales?utm_source=fb&utm_campaign=GV_THCS_Sales_LionCamp_2026
BT_THCS_Sales_LionCamp_2026,BT_THCS_Sales_Broad,BT_THCS_Sales_THCS_AD10_LastCall,Single Video 9:16 + Square 1:1 (Dynamic),LastCall,Đợt 1 hết — Đợt 2 chỉ còn 12 suất,Đợt cuối,Đăng ký gấp,https://truongvietanh.com/lioncamp/sales?utm_source=fb&utm_campaign=BT_THCS_Sales_LionCamp_2026
BT_THCS_Sales_LionCamp_2026,BT_THCS_Sales_Interest,BT_THCS_Sales_THCS_AD10_LastCall,Single Video 9:16 + Square 1:1 (Dynamic),LastCall,Đợt 1 hết — Đợt 2 chỉ còn 12 suất,Đợt cuối,Đăng ký gấp,https://truongvietanh.com/lioncamp/sales?utm_source=fb&utm_campaign=BT_THCS_Sales_LionCamp_2026
BT_THCS_Sales_LionCamp_2026,BT_THCS_Sales_LAL,BT_THCS_Sales_THCS_AD10_LastCall,Single Video 9:16 + Square 1:1 (Dynamic),LastCall,Đợt 1 hết — Đợt 2 chỉ còn 12 suất,Đợt cuối,Đăng ký gấp,https://truongvietanh.com/lioncamp/sales?utm_source=fb&utm_campaign=BT_THCS_Sales_LionCamp_2026
BT_THCS_Sales_LionCamp_2026,BT_THCS_Sales_RMK,BT_THCS_Sales_THCS_AD10_LastCall,Single Video 9:16 + Square 1:1 (Dynamic),LastCall,Đợt 1 hết — Đợt 2 chỉ còn 12 suất,Đợt cuối,Đăng ký gấp,https://truongvietanh.com/lioncamp/sales?utm_source=fb&utm_campaign=BT_THCS_Sales_LionCamp_2026
GV_THPT_Quiz_LionCamp_2026,GV_THPT_Quiz_Broad,GV_THPT_Quiz_THPT_AD01_Pain,Single Video 9:16 + Square 1:1 (Dynamic),Pain,Con bạn đã biết mình muốn học gì sau lớp 12 chưa?,THPT — Cuộc đua bắt đầu,Test định hướng,https://truongvietanh.com/lioncamp/quiz?utm_source=fb&utm_campaign=GV_THPT_Quiz_LionCamp_2026
GV_THPT_Quiz_LionCamp_2026,GV_THPT_Quiz_Interest,GV_THPT_Quiz_THPT_AD01_Pain,Single Video 9:16 + Square 1:1 (Dynamic),Pain,Con bạn đã biết mình muốn học gì sau lớp 12 chưa?,THPT — Cuộc đua bắt đầu,Test định hướng,https://truongvietanh.com/lioncamp/quiz?utm_source=fb&utm_campaign=GV_THPT_Quiz_LionCamp_2026
GV_THPT_Quiz_LionCamp_2026,GV_THPT_Quiz_LAL,GV_THPT_Quiz_THPT_AD01_Pain,Single Video 9:16 + Square 1:1 (Dynamic),Pain,Con bạn đã biết mình muốn học gì sau lớp 12 chưa?,THPT — Cuộc đua bắt đầu,Test định hướng,https://truongvietanh.com/lioncamp/quiz?utm_source=fb&utm_campaign=GV_THPT_Quiz_LionCamp_2026
GV_THPT_Quiz_LionCamp_2026,GV_THPT_Quiz_RMK,GV_THPT_Quiz_THPT_AD01_Pain,Single Video 9:16 + Square 1:1 (Dynamic),Pain,Con bạn đã biết mình muốn học gì sau lớp 12 chưa?,THPT — Cuộc đua bắt đầu,Test định hướng,https://truongvietanh.com/lioncamp/quiz?utm_source=fb&utm_campaign=GV_THPT_Quiz_LionCamp_2026
BT_THPT_Quiz_LionCamp_2026,BT_THPT_Quiz_Broad,BT_THPT_Quiz_THPT_AD01_Pain,Single Video 9:16 + Square 1:1 (Dynamic),Pain,Con bạn đã biết mình muốn học gì sau lớp 12 chưa?,THPT — Cuộc đua bắt đầu,Test định hướng,https://truongvietanh.com/lioncamp/quiz?utm_source=fb&utm_campaign=BT_THPT_Quiz_LionCamp_2026
BT_THPT_Quiz_LionCamp_2026,BT_THPT_Quiz_Interest,BT_THPT_Quiz_THPT_AD01_Pain,Single Video 9:16 + Square 1:1 (Dynamic),Pain,Con bạn đã biết mình muốn học gì sau lớp 12 chưa?,THPT — Cuộc đua bắt đầu,Test định hướng,https://truongvietanh.com/lioncamp/quiz?utm_source=fb&utm_campaign=BT_THPT_Quiz_LionCamp_2026
BT_THPT_Quiz_LionCamp_2026,BT_THPT_Quiz_LAL,BT_THPT_Quiz_THPT_AD01_Pain,Single Video 9:16 + Square 1:1 (Dynamic),Pain,Con bạn đã biết mình muốn học gì sau lớp 12 chưa?,THPT — Cuộc đua bắt đầu,Test định hướng,https://truongvietanh.com/lioncamp/quiz?utm_source=fb&utm_campaign=BT_THPT_Quiz_LionCamp_2026
BT_THPT_Quiz_LionCamp_2026,BT_THPT_Quiz_RMK,BT_THPT_Quiz_THPT_AD01_Pain,Single Video 9:16 + Square 1:1 (Dynamic),Pain,Con bạn đã biết mình muốn học gì sau lớp 12 chưa?,THPT — Cuộc đua bắt đầu,Test định hướng,https://truongvietanh.com/lioncamp/quiz?utm_source=fb&utm_campaign=BT_THPT_Quiz_LionCamp_2026
GV_THPT_VSL_LionCamp_2026,GV_THPT_VSL_Broad,GV_THPT_VSL_THPT_AD02_Career,Single Video 9:16 + Square 1:1 (Dynamic),Career,Trại hè định hướng nghề nghiệp + soft skill,Career Lab Lion Camp,Tìm hiểu,https://truongvietanh.com/lioncamp/vsl?utm_source=fb&utm_campaign=GV_THPT_VSL_LionCamp_2026
GV_THPT_VSL_LionCamp_2026,GV_THPT_VSL_Interest,GV_THPT_VSL_THPT_AD02_Career,Single Video 9:16 + Square 1:1 (Dynamic),Career,Trại hè định hướng nghề nghiệp + soft skill,Career Lab Lion Camp,Tìm hiểu,https://truongvietanh.com/lioncamp/vsl?utm_source=fb&utm_campaign=GV_THPT_VSL_LionCamp_2026
GV_THPT_VSL_LionCamp_2026,GV_THPT_VSL_LAL,GV_THPT_VSL_THPT_AD02_Career,Single Video 9:16 + Square 1:1 (Dynamic),Career,Trại hè định hướng nghề nghiệp + soft skill,Career Lab Lion Camp,Tìm hiểu,https://truongvietanh.com/lioncamp/vsl?utm_source=fb&utm_campaign=GV_THPT_VSL_LionCamp_2026
GV_THPT_VSL_LionCamp_2026,GV_THPT_VSL_RMK,GV_THPT_VSL_THPT_AD02_Career,Single Video 9:16 + Square 1:1 (Dynamic),Career,Trại hè định hướng nghề nghiệp + soft skill,Career Lab Lion Camp,Tìm hiểu,https://truongvietanh.com/lioncamp/vsl?utm_source=fb&utm_campaign=GV_THPT_VSL_LionCamp_2026
BT_THPT_VSL_LionCamp_2026,BT_THPT_VSL_Broad,BT_THPT_VSL_THPT_AD02_Career,Single Video 9:16 + Square 1:1 (Dynamic),Career,Trại hè định hướng nghề nghiệp + soft skill,Career Lab Lion Camp,Tìm hiểu,https://truongvietanh.com/lioncamp/vsl?utm_source=fb&utm_campaign=BT_THPT_VSL_LionCamp_2026
BT_THPT_VSL_LionCamp_2026,BT_THPT_VSL_Interest,BT_THPT_VSL_THPT_AD02_Career,Single Video 9:16 + Square 1:1 (Dynamic),Career,Trại hè định hướng nghề nghiệp + soft skill,Career Lab Lion Camp,Tìm hiểu,https://truongvietanh.com/lioncamp/vsl?utm_source=fb&utm_campaign=BT_THPT_VSL_LionCamp_2026
BT_THPT_VSL_LionCamp_2026,BT_THPT_VSL_LAL,BT_THPT_VSL_THPT_AD02_Career,Single Video 9:16 + Square 1:1 (Dynamic),Career,Trại hè định hướng nghề nghiệp + soft skill,Career Lab Lion Camp,Tìm hiểu,https://truongvietanh.com/lioncamp/vsl?utm_source=fb&utm_campaign=BT_THPT_VSL_LionCamp_2026
BT_THPT_VSL_LionCamp_2026,BT_THPT_VSL_RMK,BT_THPT_VSL_THPT_AD02_Career,Single Video 9:16 + Square 1:1 (Dynamic),Career,Trại hè định hướng nghề nghiệp + soft skill,Career Lab Lion Camp,Tìm hiểu,https://truongvietanh.com/lioncamp/vsl?utm_source=fb&utm_campaign=BT_THPT_VSL_LionCamp_2026
GV_THPT_VSL_LionCamp_2026,GV_THPT_VSL_Broad,GV_THPT_VSL_THPT_AD03_StudyAbroad,Single Video 9:16 + Square 1:1 (Dynamic),StudyAbroad,Chuẩn bị du học từ THPT — Roadmap 3 năm,Du học từ A-Z,Xem lộ trình,https://truongvietanh.com/lioncamp/vsl?utm_source=fb&utm_campaign=GV_THPT_VSL_LionCamp_2026
GV_THPT_VSL_LionCamp_2026,GV_THPT_VSL_Interest,GV_THPT_VSL_THPT_AD03_StudyAbroad,Single Video 9:16 + Square 1:1 (Dynamic),StudyAbroad,Chuẩn bị du học từ THPT — Roadmap 3 năm,Du học từ A-Z,Xem lộ trình,https://truongvietanh.com/lioncamp/vsl?utm_source=fb&utm_campaign=GV_THPT_VSL_LionCamp_2026
GV_THPT_VSL_LionCamp_2026,GV_THPT_VSL_LAL,GV_THPT_VSL_THPT_AD03_StudyAbroad,Single Video 9:16 + Square 1:1 (Dynamic),StudyAbroad,Chuẩn bị du học từ THPT — Roadmap 3 năm,Du học từ A-Z,Xem lộ trình,https://truongvietanh.com/lioncamp/vsl?utm_source=fb&utm_campaign=GV_THPT_VSL_LionCamp_2026
GV_THPT_VSL_LionCamp_2026,GV_THPT_VSL_RMK,GV_THPT_VSL_THPT_AD03_StudyAbroad,Single Video 9:16 + Square 1:1 (Dynamic),StudyAbroad,Chuẩn bị du học từ THPT — Roadmap 3 năm,Du học từ A-Z,Xem lộ trình,https://truongvietanh.com/lioncamp/vsl?utm_source=fb&utm_campaign=GV_THPT_VSL_LionCamp_2026
BT_THPT_VSL_LionCamp_2026,BT_THPT_VSL_Broad,BT_THPT_VSL_THPT_AD03_StudyAbroad,Single Video 9:16 + Square 1:1 (Dynamic),StudyAbroad,Chuẩn bị du học từ THPT — Roadmap 3 năm,Du học từ A-Z,Xem lộ trình,https://truongvietanh.com/lioncamp/vsl?utm_source=fb&utm_campaign=BT_THPT_VSL_LionCamp_2026
BT_THPT_VSL_LionCamp_2026,BT_THPT_VSL_Interest,BT_THPT_VSL_THPT_AD03_StudyAbroad,Single Video 9:16 + Square 1:1 (Dynamic),StudyAbroad,Chuẩn bị du học từ THPT — Roadmap 3 năm,Du học từ A-Z,Xem lộ trình,https://truongvietanh.com/lioncamp/vsl?utm_source=fb&utm_campaign=BT_THPT_VSL_LionCamp_2026
BT_THPT_VSL_LionCamp_2026,BT_THPT_VSL_LAL,BT_THPT_VSL_THPT_AD03_StudyAbroad,Single Video 9:16 + Square 1:1 (Dynamic),StudyAbroad,Chuẩn bị du học từ THPT — Roadmap 3 năm,Du học từ A-Z,Xem lộ trình,https://truongvietanh.com/lioncamp/vsl?utm_source=fb&utm_campaign=BT_THPT_VSL_LionCamp_2026
BT_THPT_VSL_LionCamp_2026,BT_THPT_VSL_RMK,BT_THPT_VSL_THPT_AD03_StudyAbroad,Single Video 9:16 + Square 1:1 (Dynamic),StudyAbroad,Chuẩn bị du học từ THPT — Roadmap 3 năm,Du học từ A-Z,Xem lộ trình,https://truongvietanh.com/lioncamp/vsl?utm_source=fb&utm_campaign=BT_THPT_VSL_LionCamp_2026
GV_THPT_VSL_LionCamp_2026,GV_THPT_VSL_Broad,GV_THPT_VSL_THPT_AD04_Proof,Single Video 9:16 + Square 1:1 (Dynamic),Proof,"Học sinh thật — Đỗ NUS, NTU, RMIT",Alumni Lion Camp,Xem hồ sơ,https://truongvietanh.com/lioncamp/vsl?utm_source=fb&utm_campaign=GV_THPT_VSL_LionCamp_2026
GV_THPT_VSL_LionCamp_2026,GV_THPT_VSL_Interest,GV_THPT_VSL_THPT_AD04_Proof,Single Video 9:16 + Square 1:1 (Dynamic),Proof,"Học sinh thật — Đỗ NUS, NTU, RMIT",Alumni Lion Camp,Xem hồ sơ,https://truongvietanh.com/lioncamp/vsl?utm_source=fb&utm_campaign=GV_THPT_VSL_LionCamp_2026
GV_THPT_VSL_LionCamp_2026,GV_THPT_VSL_LAL,GV_THPT_VSL_THPT_AD04_Proof,Single Video 9:16 + Square 1:1 (Dynamic),Proof,"Học sinh thật — Đỗ NUS, NTU, RMIT",Alumni Lion Camp,Xem hồ sơ,https://truongvietanh.com/lioncamp/vsl?utm_source=fb&utm_campaign=GV_THPT_VSL_LionCamp_2026
GV_THPT_VSL_LionCamp_2026,GV_THPT_VSL_RMK,GV_THPT_VSL_THPT_AD04_Proof,Single Video 9:16 + Square 1:1 (Dynamic),Proof,"Học sinh thật — Đỗ NUS, NTU, RMIT",Alumni Lion Camp,Xem hồ sơ,https://truongvietanh.com/lioncamp/vsl?utm_source=fb&utm_campaign=GV_THPT_VSL_LionCamp_2026
BT_THPT_VSL_LionCamp_2026,BT_THPT_VSL_Broad,BT_THPT_VSL_THPT_AD04_Proof,Single Video 9:16 + Square 1:1 (Dynamic),Proof,"Học sinh thật — Đỗ NUS, NTU, RMIT",Alumni Lion Camp,Xem hồ sơ,https://truongvietanh.com/lioncamp/vsl?utm_source=fb&utm_campaign=BT_THPT_VSL_LionCamp_2026
BT_THPT_VSL_LionCamp_2026,BT_THPT_VSL_Interest,BT_THPT_VSL_THPT_AD04_Proof,Single Video 9:16 + Square 1:1 (Dynamic),Proof,"Học sinh thật — Đỗ NUS, NTU, RMIT",Alumni Lion Camp,Xem hồ sơ,https://truongvietanh.com/lioncamp/vsl?utm_source=fb&utm_campaign=BT_THPT_VSL_LionCamp_2026
BT_THPT_VSL_LionCamp_2026,BT_THPT_VSL_LAL,BT_THPT_VSL_THPT_AD04_Proof,Single Video 9:16 + Square 1:1 (Dynamic),Proof,"Học sinh thật — Đỗ NUS, NTU, RMIT",Alumni Lion Camp,Xem hồ sơ,https://truongvietanh.com/lioncamp/vsl?utm_source=fb&utm_campaign=BT_THPT_VSL_LionCamp_2026
BT_THPT_VSL_LionCamp_2026,BT_THPT_VSL_RMK,BT_THPT_VSL_THPT_AD04_Proof,Single Video 9:16 + Square 1:1 (Dynamic),Proof,"Học sinh thật — Đỗ NUS, NTU, RMIT",Alumni Lion Camp,Xem hồ sơ,https://truongvietanh.com/lioncamp/vsl?utm_source=fb&utm_campaign=BT_THPT_VSL_LionCamp_2026
GV_THPT_Sales_LionCamp_2026,GV_THPT_Sales_Broad,GV_THPT_Sales_THPT_AD05_Urgency,Single Video 9:16 + Square 1:1 (Dynamic),Urgency,Đóng đăng ký THPT sau 7 ngày — Còn 22 suất,Khai giảng 15/06,Đăng ký gấp,https://truongvietanh.com/lioncamp/sales?utm_source=fb&utm_campaign=GV_THPT_Sales_LionCamp_2026
GV_THPT_Sales_LionCamp_2026,GV_THPT_Sales_Interest,GV_THPT_Sales_THPT_AD05_Urgency,Single Video 9:16 + Square 1:1 (Dynamic),Urgency,Đóng đăng ký THPT sau 7 ngày — Còn 22 suất,Khai giảng 15/06,Đăng ký gấp,https://truongvietanh.com/lioncamp/sales?utm_source=fb&utm_campaign=GV_THPT_Sales_LionCamp_2026
GV_THPT_Sales_LionCamp_2026,GV_THPT_Sales_LAL,GV_THPT_Sales_THPT_AD05_Urgency,Single Video 9:16 + Square 1:1 (Dynamic),Urgency,Đóng đăng ký THPT sau 7 ngày — Còn 22 suất,Khai giảng 15/06,Đăng ký gấp,https://truongvietanh.com/lioncamp/sales?utm_source=fb&utm_campaign=GV_THPT_Sales_LionCamp_2026
GV_THPT_Sales_LionCamp_2026,GV_THPT_Sales_RMK,GV_THPT_Sales_THPT_AD05_Urgency,Single Video 9:16 + Square 1:1 (Dynamic),Urgency,Đóng đăng ký THPT sau 7 ngày — Còn 22 suất,Khai giảng 15/06,Đăng ký gấp,https://truongvietanh.com/lioncamp/sales?utm_source=fb&utm_campaign=GV_THPT_Sales_LionCamp_2026
BT_THPT_Sales_LionCamp_2026,BT_THPT_Sales_Broad,BT_THPT_Sales_THPT_AD05_Urgency,Single Video 9:16 + Square 1:1 (Dynamic),Urgency,Đóng đăng ký THPT sau 7 ngày — Còn 22 suất,Khai giảng 15/06,Đăng ký gấp,https://truongvietanh.com/lioncamp/sales?utm_source=fb&utm_campaign=BT_THPT_Sales_LionCamp_2026
BT_THPT_Sales_LionCamp_2026,BT_THPT_Sales_Interest,BT_THPT_Sales_THPT_AD05_Urgency,Single Video 9:16 + Square 1:1 (Dynamic),Urgency,Đóng đăng ký THPT sau 7 ngày — Còn 22 suất,Khai giảng 15/06,Đăng ký gấp,https://truongvietanh.com/lioncamp/sales?utm_source=fb&utm_campaign=BT_THPT_Sales_LionCamp_2026
BT_THPT_Sales_LionCamp_2026,BT_THPT_Sales_LAL,BT_THPT_Sales_THPT_AD05_Urgency,Single Video 9:16 + Square 1:1 (Dynamic),Urgency,Đóng đăng ký THPT sau 7 ngày — Còn 22 suất,Khai giảng 15/06,Đăng ký gấp,https://truongvietanh.com/lioncamp/sales?utm_source=fb&utm_campaign=BT_THPT_Sales_LionCamp_2026
BT_THPT_Sales_LionCamp_2026,BT_THPT_Sales_RMK,BT_THPT_Sales_THPT_AD05_Urgency,Single Video 9:16 + Square 1:1 (Dynamic),Urgency,Đóng đăng ký THPT sau 7 ngày — Còn 22 suất,Khai giảng 15/06,Đăng ký gấp,https://truongvietanh.com/lioncamp/sales?utm_source=fb&utm_campaign=BT_THPT_Sales_LionCamp_2026
GV_THPT_Quiz_LionCamp_2026,GV_THPT_Quiz_Broad,GV_THPT_Quiz_THPT_AD06_IELTS,Single Video 9:16 + Square 1:1 (Dynamic),IELTS,IELTS bridge + Soft skill trong 4 tuần,Combo IELTS + Hướng nghiệp,Xem khóa,https://truongvietanh.com/lioncamp/quiz?utm_source=fb&utm_campaign=GV_THPT_Quiz_LionCamp_2026
GV_THPT_Quiz_LionCamp_2026,GV_THPT_Quiz_Interest,GV_THPT_Quiz_THPT_AD06_IELTS,Single Video 9:16 + Square 1:1 (Dynamic),IELTS,IELTS bridge + Soft skill trong 4 tuần,Combo IELTS + Hướng nghiệp,Xem khóa,https://truongvietanh.com/lioncamp/quiz?utm_source=fb&utm_campaign=GV_THPT_Quiz_LionCamp_2026
GV_THPT_Quiz_LionCamp_2026,GV_THPT_Quiz_LAL,GV_THPT_Quiz_THPT_AD06_IELTS,Single Video 9:16 + Square 1:1 (Dynamic),IELTS,IELTS bridge + Soft skill trong 4 tuần,Combo IELTS + Hướng nghiệp,Xem khóa,https://truongvietanh.com/lioncamp/quiz?utm_source=fb&utm_campaign=GV_THPT_Quiz_LionCamp_2026
GV_THPT_Quiz_LionCamp_2026,GV_THPT_Quiz_RMK,GV_THPT_Quiz_THPT_AD06_IELTS,Single Video 9:16 + Square 1:1 (Dynamic),IELTS,IELTS bridge + Soft skill trong 4 tuần,Combo IELTS + Hướng nghiệp,Xem khóa,https://truongvietanh.com/lioncamp/quiz?utm_source=fb&utm_campaign=GV_THPT_Quiz_LionCamp_2026
BT_THPT_Quiz_LionCamp_2026,BT_THPT_Quiz_Broad,BT_THPT_Quiz_THPT_AD06_IELTS,Single Video 9:16 + Square 1:1 (Dynamic),IELTS,IELTS bridge + Soft skill trong 4 tuần,Combo IELTS + Hướng nghiệp,Xem khóa,https://truongvietanh.com/lioncamp/quiz?utm_source=fb&utm_campaign=BT_THPT_Quiz_LionCamp_2026
BT_THPT_Quiz_LionCamp_2026,BT_THPT_Quiz_Interest,BT_THPT_Quiz_THPT_AD06_IELTS,Single Video 9:16 + Square 1:1 (Dynamic),IELTS,IELTS bridge + Soft skill trong 4 tuần,Combo IELTS + Hướng nghiệp,Xem khóa,https://truongvietanh.com/lioncamp/quiz?utm_source=fb&utm_campaign=BT_THPT_Quiz_LionCamp_2026
BT_THPT_Quiz_LionCamp_2026,BT_THPT_Quiz_LAL,BT_THPT_Quiz_THPT_AD06_IELTS,Single Video 9:16 + Square 1:1 (Dynamic),IELTS,IELTS bridge + Soft skill trong 4 tuần,Combo IELTS + Hướng nghiệp,Xem khóa,https://truongvietanh.com/lioncamp/quiz?utm_source=fb&utm_campaign=BT_THPT_Quiz_LionCamp_2026
BT_THPT_Quiz_LionCamp_2026,BT_THPT_Quiz_RMK,BT_THPT_Quiz_THPT_AD06_IELTS,Single Video 9:16 + Square 1:1 (Dynamic),IELTS,IELTS bridge + Soft skill trong 4 tuần,Combo IELTS + Hướng nghiệp,Xem khóa,https://truongvietanh.com/lioncamp/quiz?utm_source=fb&utm_campaign=BT_THPT_Quiz_LionCamp_2026
GV_THPT_Sales_LionCamp_2026,GV_THPT_Sales_Broad,GV_THPT_Sales_THPT_AD07_Network,Single Video 9:16 + Square 1:1 (Dynamic),Network,Networking với mentor + alumni đại học top,Mentor 1:1,Đặt lịch,https://truongvietanh.com/lioncamp/sales?utm_source=fb&utm_campaign=GV_THPT_Sales_LionCamp_2026
GV_THPT_Sales_LionCamp_2026,GV_THPT_Sales_Interest,GV_THPT_Sales_THPT_AD07_Network,Single Video 9:16 + Square 1:1 (Dynamic),Network,Networking với mentor + alumni đại học top,Mentor 1:1,Đặt lịch,https://truongvietanh.com/lioncamp/sales?utm_source=fb&utm_campaign=GV_THPT_Sales_LionCamp_2026
GV_THPT_Sales_LionCamp_2026,GV_THPT_Sales_LAL,GV_THPT_Sales_THPT_AD07_Network,Single Video 9:16 + Square 1:1 (Dynamic),Network,Networking với mentor + alumni đại học top,Mentor 1:1,Đặt lịch,https://truongvietanh.com/lioncamp/sales?utm_source=fb&utm_campaign=GV_THPT_Sales_LionCamp_2026
GV_THPT_Sales_LionCamp_2026,GV_THPT_Sales_RMK,GV_THPT_Sales_THPT_AD07_Network,Single Video 9:16 + Square 1:1 (Dynamic),Network,Networking với mentor + alumni đại học top,Mentor 1:1,Đặt lịch,https://truongvietanh.com/lioncamp/sales?utm_source=fb&utm_campaign=GV_THPT_Sales_LionCamp_2026
BT_THPT_Sales_LionCamp_2026,BT_THPT_Sales_Broad,BT_THPT_Sales_THPT_AD07_Network,Single Video 9:16 + Square 1:1 (Dynamic),Network,Networking với mentor + alumni đại học top,Mentor 1:1,Đặt lịch,https://truongvietanh.com/lioncamp/sales?utm_source=fb&utm_campaign=BT_THPT_Sales_LionCamp_2026
BT_THPT_Sales_LionCamp_2026,BT_THPT_Sales_Interest,BT_THPT_Sales_THPT_AD07_Network,Single Video 9:16 + Square 1:1 (Dynamic),Network,Networking với mentor + alumni đại học top,Mentor 1:1,Đặt lịch,https://truongvietanh.com/lioncamp/sales?utm_source=fb&utm_campaign=BT_THPT_Sales_LionCamp_2026
BT_THPT_Sales_LionCamp_2026,BT_THPT_Sales_LAL,BT_THPT_Sales_THPT_AD07_Network,Single Video 9:16 + Square 1:1 (Dynamic),Network,Networking với mentor + alumni đại học top,Mentor 1:1,Đặt lịch,https://truongvietanh.com/lioncamp/sales?utm_source=fb&utm_campaign=BT_THPT_Sales_LionCamp_2026
BT_THPT_Sales_LionCamp_2026,BT_THPT_Sales_RMK,BT_THPT_Sales_THPT_AD07_Network,Single Video 9:16 + Square 1:1 (Dynamic),Network,Networking với mentor + alumni đại học top,Mentor 1:1,Đặt lịch,https://truongvietanh.com/lioncamp/sales?utm_source=fb&utm_campaign=BT_THPT_Sales_LionCamp_2026
GV_THPT_Sales_LionCamp_2026,GV_THPT_Sales_Broad,GV_THPT_Sales_THPT_AD08_ParentROI,Single Video 9:16 + Square 1:1 (Dynamic),ParentROI,Đầu tư 1 hè = Tiết kiệm 2 năm sai hướng,ROI rõ ràng,Tư vấn,https://truongvietanh.com/lioncamp/sales?utm_source=fb&utm_campaign=GV_THPT_Sales_LionCamp_2026
GV_THPT_Sales_LionCamp_2026,GV_THPT_Sales_Interest,GV_THPT_Sales_THPT_AD08_ParentROI,Single Video 9:16 + Square 1:1 (Dynamic),ParentROI,Đầu tư 1 hè = Tiết kiệm 2 năm sai hướng,ROI rõ ràng,Tư vấn,https://truongvietanh.com/lioncamp/sales?utm_source=fb&utm_campaign=GV_THPT_Sales_LionCamp_2026
GV_THPT_Sales_LionCamp_2026,GV_THPT_Sales_LAL,GV_THPT_Sales_THPT_AD08_ParentROI,Single Video 9:16 + Square 1:1 (Dynamic),ParentROI,Đầu tư 1 hè = Tiết kiệm 2 năm sai hướng,ROI rõ ràng,Tư vấn,https://truongvietanh.com/lioncamp/sales?utm_source=fb&utm_campaign=GV_THPT_Sales_LionCamp_2026
GV_THPT_Sales_LionCamp_2026,GV_THPT_Sales_RMK,GV_THPT_Sales_THPT_AD08_ParentROI,Single Video 9:16 + Square 1:1 (Dynamic),ParentROI,Đầu tư 1 hè = Tiết kiệm 2 năm sai hướng,ROI rõ ràng,Tư vấn,https://truongvietanh.com/lioncamp/sales?utm_source=fb&utm_campaign=GV_THPT_Sales_LionCamp_2026
BT_THPT_Sales_LionCamp_2026,BT_THPT_Sales_Broad,BT_THPT_Sales_THPT_AD08_ParentROI,Single Video 9:16 + Square 1:1 (Dynamic),ParentROI,Đầu tư 1 hè = Tiết kiệm 2 năm sai hướng,ROI rõ ràng,Tư vấn,https://truongvietanh.com/lioncamp/sales?utm_source=fb&utm_campaign=BT_THPT_Sales_LionCamp_2026
BT_THPT_Sales_LionCamp_2026,BT_THPT_Sales_Interest,BT_THPT_Sales_THPT_AD08_ParentROI,Single Video 9:16 + Square 1:1 (Dynamic),ParentROI,Đầu tư 1 hè = Tiết kiệm 2 năm sai hướng,ROI rõ ràng,Tư vấn,https://truongvietanh.com/lioncamp/sales?utm_source=fb&utm_campaign=BT_THPT_Sales_LionCamp_2026
BT_THPT_Sales_LionCamp_2026,BT_THPT_Sales_LAL,BT_THPT_Sales_THPT_AD08_ParentROI,Single Video 9:16 + Square 1:1 (Dynamic),ParentROI,Đầu tư 1 hè = Tiết kiệm 2 năm sai hướng,ROI rõ ràng,Tư vấn,https://truongvietanh.com/lioncamp/sales?utm_source=fb&utm_campaign=BT_THPT_Sales_LionCamp_2026
BT_THPT_Sales_LionCamp_2026,BT_THPT_Sales_RMK,BT_THPT_Sales_THPT_AD08_ParentROI,Single Video 9:16 + Square 1:1 (Dynamic),ParentROI,Đầu tư 1 hè = Tiết kiệm 2 năm sai hướng,ROI rõ ràng,Tư vấn,https://truongvietanh.com/lioncamp/sales?utm_source=fb&utm_campaign=BT_THPT_Sales_LionCamp_2026
GV_THPT_Quiz_LionCamp_2026,GV_THPT_Quiz_Broad,GV_THPT_Quiz_THPT_AD09_Local,Single Video 9:16 + Square 1:1 (Dynamic),Local,THPT Bình Tân — Trại hè ngay tại quận,Khỏi đưa đón xa,Đăng ký,https://truongvietanh.com/lioncamp/quiz?utm_source=fb&utm_campaign=GV_THPT_Quiz_LionCamp_2026
GV_THPT_Quiz_LionCamp_2026,GV_THPT_Quiz_Interest,GV_THPT_Quiz_THPT_AD09_Local,Single Video 9:16 + Square 1:1 (Dynamic),Local,THPT Bình Tân — Trại hè ngay tại quận,Khỏi đưa đón xa,Đăng ký,https://truongvietanh.com/lioncamp/quiz?utm_source=fb&utm_campaign=GV_THPT_Quiz_LionCamp_2026
GV_THPT_Quiz_LionCamp_2026,GV_THPT_Quiz_LAL,GV_THPT_Quiz_THPT_AD09_Local,Single Video 9:16 + Square 1:1 (Dynamic),Local,THPT Bình Tân — Trại hè ngay tại quận,Khỏi đưa đón xa,Đăng ký,https://truongvietanh.com/lioncamp/quiz?utm_source=fb&utm_campaign=GV_THPT_Quiz_LionCamp_2026
GV_THPT_Quiz_LionCamp_2026,GV_THPT_Quiz_RMK,GV_THPT_Quiz_THPT_AD09_Local,Single Video 9:16 + Square 1:1 (Dynamic),Local,THPT Bình Tân — Trại hè ngay tại quận,Khỏi đưa đón xa,Đăng ký,https://truongvietanh.com/lioncamp/quiz?utm_source=fb&utm_campaign=GV_THPT_Quiz_LionCamp_2026
BT_THPT_Quiz_LionCamp_2026,BT_THPT_Quiz_Broad,BT_THPT_Quiz_THPT_AD09_Local,Single Video 9:16 + Square 1:1 (Dynamic),Local,THPT Bình Tân — Trại hè ngay tại quận,Khỏi đưa đón xa,Đăng ký,https://truongvietanh.com/lioncamp/quiz?utm_source=fb&utm_campaign=BT_THPT_Quiz_LionCamp_2026
BT_THPT_Quiz_LionCamp_2026,BT_THPT_Quiz_Interest,BT_THPT_Quiz_THPT_AD09_Local,Single Video 9:16 + Square 1:1 (Dynamic),Local,THPT Bình Tân — Trại hè ngay tại quận,Khỏi đưa đón xa,Đăng ký,https://truongvietanh.com/lioncamp/quiz?utm_source=fb&utm_campaign=BT_THPT_Quiz_LionCamp_2026
BT_THPT_Quiz_LionCamp_2026,BT_THPT_Quiz_LAL,BT_THPT_Quiz_THPT_AD09_Local,Single Video 9:16 + Square 1:1 (Dynamic),Local,THPT Bình Tân — Trại hè ngay tại quận,Khỏi đưa đón xa,Đăng ký,https://truongvietanh.com/lioncamp/quiz?utm_source=fb&utm_campaign=BT_THPT_Quiz_LionCamp_2026
BT_THPT_Quiz_LionCamp_2026,BT_THPT_Quiz_RMK,BT_THPT_Quiz_THPT_AD09_Local,Single Video 9:16 + Square 1:1 (Dynamic),Local,THPT Bình Tân — Trại hè ngay tại quận,Khỏi đưa đón xa,Đăng ký,https://truongvietanh.com/lioncamp/quiz?utm_source=fb&utm_campaign=BT_THPT_Quiz_LionCamp_2026
GV_THPT_Sales_LionCamp_2026,GV_THPT_Sales_Broad,GV_THPT_Sales_THPT_AD10_LastCall,Single Video 9:16 + Square 1:1 (Dynamic),LastCall,Còn đúng 14 suất THPT — Đóng đăng ký 25/05,Final Call,Giữ chỗ,https://truongvietanh.com/lioncamp/sales?utm_source=fb&utm_campaign=GV_THPT_Sales_LionCamp_2026
GV_THPT_Sales_LionCamp_2026,GV_THPT_Sales_Interest,GV_THPT_Sales_THPT_AD10_LastCall,Single Video 9:16 + Square 1:1 (Dynamic),LastCall,Còn đúng 14 suất THPT — Đóng đăng ký 25/05,Final Call,Giữ chỗ,https://truongvietanh.com/lioncamp/sales?utm_source=fb&utm_campaign=GV_THPT_Sales_LionCamp_2026
GV_THPT_Sales_LionCamp_2026,GV_THPT_Sales_LAL,GV_THPT_Sales_THPT_AD10_LastCall,Single Video 9:16 + Square 1:1 (Dynamic),LastCall,Còn đúng 14 suất THPT — Đóng đăng ký 25/05,Final Call,Giữ chỗ,https://truongvietanh.com/lioncamp/sales?utm_source=fb&utm_campaign=GV_THPT_Sales_LionCamp_2026
GV_THPT_Sales_LionCamp_2026,GV_THPT_Sales_RMK,GV_THPT_Sales_THPT_AD10_LastCall,Single Video 9:16 + Square 1:1 (Dynamic),LastCall,Còn đúng 14 suất THPT — Đóng đăng ký 25/05,Final Call,Giữ chỗ,https://truongvietanh.com/lioncamp/sales?utm_source=fb&utm_campaign=GV_THPT_Sales_LionCamp_2026
BT_THPT_Sales_LionCamp_2026,BT_THPT_Sales_Broad,BT_THPT_Sales_THPT_AD10_LastCall,Single Video 9:16 + Square 1:1 (Dynamic),LastCall,Còn đúng 14 suất THPT — Đóng đăng ký 25/05,Final Call,Giữ chỗ,https://truongvietanh.com/lioncamp/sales?utm_source=fb&utm_campaign=BT_THPT_Sales_LionCamp_2026
BT_THPT_Sales_LionCamp_2026,BT_THPT_Sales_Interest,BT_THPT_Sales_THPT_AD10_LastCall,Single Video 9:16 + Square 1:1 (Dynamic),LastCall,Còn đúng 14 suất THPT — Đóng đăng ký 25/05,Final Call,Giữ chỗ,https://truongvietanh.com/lioncamp/sales?utm_source=fb&utm_campaign=BT_THPT_Sales_LionCamp_2026
BT_THPT_Sales_LionCamp_2026,BT_THPT_Sales_LAL,BT_THPT_Sales_THPT_AD10_LastCall,Single Video 9:16 + Square 1:1 (Dynamic),LastCall,Còn đúng 14 suất THPT — Đóng đăng ký 25/05,Final Call,Giữ chỗ,https://truongvietanh.com/lioncamp/sales?utm_source=fb&utm_campaign=BT_THPT_Sales_LionCamp_2026
BT_THPT_Sales_LionCamp_2026,BT_THPT_Sales_RMK,BT_THPT_Sales_THPT_AD10_LastCall,Single Video 9:16 + Square 1:1 (Dynamic),LastCall,Còn đúng 14 suất THPT — Đóng đăng ký 25/05,Final Call,Giữ chỗ,https://truongvietanh.com/lioncamp/sales?utm_source=fb&utm_campaign=BT_THPT_Sales_LionCamp_2026
