STT,URL,Loại file,Layout,Charset UTF-8,Lang vi,Title,Meta Description,Canonical URL,OG Tags,Schema.org,Vietnamese Font Subset,Lead Form/CTA,Đánh giá nội dung,Ghi chú
1,/,src/pages/index.astro,BaseLayout,✓,✓,✓,✓,✓,✓,✓ (3 schema),✓,✓ (2 CTA),Good,Homepage chính - 3658 từ - đầy đủ
2,/gioi-thieu,src/pages/gioi-thieu.astro,BaseLayout,✓,✓,✓,✓,✓,✓,✓ (4 schema),✓,✓ (3 CTA),Good,3546 từ - triết lý PDR - đầy đủ
3,/gioi-thieu2,src/pages/gioi-thieu2.astro,BaseLayout,✓,✓,✓,✓,✓,✓,✓ (3 schema),✓,✓ (3 CTA),Good,4685 từ - phiên bản mở rộng
4,/mam-non,src/pages/mam-non.astro,BaseLayout,✓,✓,✓,✓,✓,✓,✓ (3 schema),✓,✓ (3 CTA),Good,"5636+ từ - Montessori + 3 FAQ mới (xe đưa đón, hội nhập, chuẩn bị lớp 1)"
5,/tieu-hoc,src/pages/tieu-hoc.astro,BaseLayout,✓,✓,✓,✓,✓,✓,✓ (3 schema),✓,✓ (3 CTA),Good,"4529+ từ - song ngữ + 3 FAQ mới (STEM, cân bằng học-chơi, chuyển trường)"
6,/co-so,src/pages/co-so.astro,BaseLayout,✓,✓,✓,✓,✓,✓,✓ (3 schema),✓,✓ (3 CTA),Good,"4805+ từ - 9 cơ sở + 2 FAQ mới (mở rộng, an toàn trẻ nhỏ)"
7,/triet-ly-giao-duc,src/pages/triet-ly-giao-duc.astro,BaseLayout,✓,✓,✓,✓,✓,✓,✓ (3 schema),✓,✓ (3 CTA),Good,"4880+ từ - PDR + 2 FAQ mới (áp dụng cấp học, phụ huynh tham gia)"
8,/tuyen-sinh,src/pages/tuyen-sinh.astro,BaseLayout,✓,✓,✓,✓,✓,✓,✓ (2 schema),✓,✓ (3 CTA),Good,"5250+ từ - timeline + 2 FAQ mới (thời gian xử lý, chuyển trường)"
9,/cap-hoc,src/pages/cap-hoc.astro,BaseLayout,✓,✓,✓,✓,✓,✓,✓ (2 schema),✓,✓,Good,Tổng quan các cấp học
10,/he-thong-pdr,src/pages/he-thong-pdr.astro,BaseLayout,✓,✓,✓,✓,✓,✓,✓,✓,✓,Good,Hệ thống Phẩm chất - Đạo đức - Ren luyện
11,/hoc-phi,src/pages/hoc-phi.astro,BaseLayout,✓,✓,✓,✓,✓,✓,✓,✓,✓,Good,Thông tin học phí
12,/lien-he,src/pages/lien-he.astro,BaseLayout,✓,✓,✓,✓,✓,✓,✓ (ContactPage),✓,✓,Good,6 FAQ - form liên hệ
13,/ngoai-khoa,src/pages/ngoai-khoa.astro,BaseLayout,✓,✓,✓,✓,✓,✓,✓,✓,✓,Good,Hoạt động ngoại khóa
14,/phu-huynh,src/pages/phu-huynh.astro,BaseLayout,✓,✓,✓,✓,✓,✓,✓,✓,✓,Good,Trang phụ huynh
15,/thanh-tich,src/pages/thanh-tich.astro,BaseLayout,✓,✓,✓,✓,✓,✓,✓,✓,✓,Good,Thành tích học sinh
16,/trung-hoc-co-so,src/pages/trung-hoc-co-so.astro,BaseLayout,✓,✓,✓,✓,✓,✓,✓,✓,✓,Good,THCS
17,/trung-hoc-pho-thong,src/pages/trung-hoc-pho-thong.astro,BaseLayout,✓,✓,✓,✓,✓,✓,✓,✓,✓,Good,THPT
18,/tin-tuc,src/pages/tin-tuc.astro,BaseLayout,✓,✓,✓,✓,✓,✓,✓ (CollectionPage),✓,✓ (2 CTA),Good,"ĐÃ SỬA: thêm fallback 6 bài tĩnh + phần 'Tại sao theo dõi' + 2 FAQ mới"
19,/hinh-anh,src/pages/hinh-anh.astro,BaseLayout,✓,✓,✓,✓,✓,✓,✓ (ImageGallery),✓,✓ (2 CTA),Good,"ĐÃ SỬA: thêm 'Điểm nhấn cơ sở vật chất' 6 cards + 2 FAQ mới"
20,/homepage1,src/pages/homepage1.astro,BaseLayout,✓,✓,✓,✓,✓,✓,✓,✓ (đã sửa),✓ (6 CTA),Good,noindex=true - variant homepage
21,/homepage2,src/pages/homepage2.astro,BaseLayout,✓,✓,✓,✓,✓,✓,✓,✓,✓ (4 CTA),Good,noindex=true - variant homepage
22,/homepage2-stt-2,src/pages/homepage2-stt-2.astro,BaseLayout,✓,✓,✓,✓,✓,✓,✓,✓,✓,Good,noindex=true - variant homepage
23,/blog/[slug],src/pages/blog/[slug].astro,BaseLayout,✓,✓,✓,✓,✓,✓,✓,✓,✓,Good,552+ bài từ Directus CMS
24,/samples/vinschool-homepage,src/pages/samples/vinschool-homepage.astro,BaseLayout,✓,✓,✓,✓,✓,✓,✓,✓,✓,Good,Template mẫu
25,/squeeze/checklist-chon-truong,src/pages/squeeze/checklist-chon-truong.astro,SqueezePageLayout,✓,✓,✓,✓,✓,✓,✓,✓,✓,Good,Squeeze page - checklist
26,/squeeze/ebook-lo-trinh-lop-10,src/pages/squeeze/ebook-lo-trinh-lop-10.astro,SqueezePageLayout,✓,✓,✓,✓,✓,✓,✓,✓,✓,Good,Squeeze page - ebook
27,/squeeze/hoc-thu-mien-phi,src/pages/squeeze/hoc-thu-mien-phi.astro,SqueezePageLayout,✓,✓,✓,✓,✓,✓,✓,✓,✓,Good,Squeeze page - học thử
28,/squeeze/test-nang-luc,src/pages/squeeze/test-nang-luc.astro,SqueezePageLayout,✓,✓,✓,✓,✓,✓,✓,✓,✓,Good,Squeeze page - test năng lực
29,/squeeze/webinar-phu-huynh,src/pages/squeeze/webinar-phu-huynh.astro,SqueezePageLayout,✓,✓,✓,✓,✓,✓,✓,✓,✓,Good,Squeeze page - webinar
30,/tuyen-sinh/mam-non,src/pages/tuyen-sinh/mam-non/index.astro,SqueezePageLayout,✓,✓,✓,✓,✓,✓,✓,✓,✓,Good,Funnel mầm non chính
31,/tuyen-sinh/mam-non/cau-chuyen-phu-huynh,src/pages/tuyen-sinh/mam-non/cau-chuyen-phu-huynh/index.astro,Inline HTML,✓,✓,✓,✓,✓,✓,✓,✓,✓,Good,Câu chuyện phụ huynh mầm non
32,/tuyen-sinh/mam-non/chuong-trinh,src/pages/tuyen-sinh/mam-non/chuong-trinh/index.astro,Inline HTML,✓,✓,✓,✓,✓,✓,✓,✓,✓,Good,Chương trình mầm non
33,/tuyen-sinh/mam-non/co-so,src/pages/tuyen-sinh/mam-non/co-so/index.astro,Inline HTML,✓,✓,✓,✓,✓,✓,✓,✓,✓,Good,Cơ sở mầm non
34,/tuyen-sinh/mam-non/gioi-thieu,src/pages/tuyen-sinh/mam-non/gioi-thieu/index.astro,Inline HTML,✓,✓,✓,✓,✓,✓,✓,✓,✓,Good,Giới thiệu mầm non
35,/tuyen-sinh/mam-non/nhap-hoc-2026,src/pages/tuyen-sinh/mam-non/nhap-hoc-2026/index.astro,Inline HTML,✓,✓,✓,✓,✓,✓,✓,✓,✓,Good,Nhập học 2026 mầm non
36,/tuyen-sinh/mam-non/so-sanh,src/pages/tuyen-sinh/mam-non/so-sanh/index.astro,Inline HTML,✓,✓,✓,✓,✓,✓,✓,✓,✓,Good,So sánh trường mầm non
37,/tuyen-sinh/mam-non/tu-van,src/pages/tuyen-sinh/mam-non/tu-van/index.astro,Inline HTML,✓,✓,✓,✓,✓,✓,✓,✓,✓,Good,Tư vấn mầm non
38,/tuyen-sinh/mam-non/webinar,src/pages/tuyen-sinh/mam-non/webinar/index.astro,Inline HTML,✓,✓,✓,✓,✓,✓,✓,✓,✓,Good,Webinar mầm non
39,/tuyen-sinh/tieu-hoc,src/pages/tuyen-sinh/tieu-hoc/index.astro,Inline HTML,✓,✓,✓,✓,✓,✓,✓,✓,✓,Good,Funnel tiểu học chính
40,/tuyen-sinh/tieu-hoc/checklist,src/pages/tuyen-sinh/tieu-hoc/checklist/index.astro,Inline HTML,✓,✓,✓,✓,✓,✓,✓,✓,✓,Good,Checklist tiểu học
41,/tuyen-sinh/tieu-hoc/chuong-trinh,src/pages/tuyen-sinh/tieu-hoc/chuong-trinh/index.astro,Inline HTML,✓,✓,✓,✓,✓,✓,✓,✓,✓,Good,Chương trình tiểu học
42,/tuyen-sinh/tieu-hoc/dang-ky-som,src/pages/tuyen-sinh/tieu-hoc/dang-ky-som/index.astro,Inline HTML,✓,✓,✓,✓,✓,✓,✓,✓,✓,Good,Đăng ký sớm tiểu học
43,/tuyen-sinh/tieu-hoc/so-sanh,src/pages/tuyen-sinh/tieu-hoc/so-sanh/index.astro,Inline HTML,✓,✓,✓,✓,✓,✓,✓,✓,✓,Good,So sánh trường tiểu học
44,/tuyen-sinh/tieu-hoc/tham-quan-truong,src/pages/tuyen-sinh/tieu-hoc/tham-quan-truong/index.astro,Inline HTML,✓,✓,✓,✓,✓,✓,✓,✓,✓,Good,Tham quan trường tiểu học
45,/tuyen-sinh/thcs,src/pages/tuyen-sinh/thcs/index.astro,Inline HTML,✓,✓,✓,✓,✓,✓,✓,✓,✓,Good,Funnel THCS chính
46,/tuyen-sinh/thcs/checklist,src/pages/tuyen-sinh/thcs/checklist/index.astro,Inline HTML,✓,✓,✓,✓,✓,✓,✓,✓,✓,Good,Checklist THCS
47,/tuyen-sinh/thcs/chuyen-cap,src/pages/tuyen-sinh/thcs/chuyen-cap/index.astro,Inline HTML,✓,✓,✓,✓,✓,✓,✓,✓,✓,Good,Chuyển cấp THCS
48,/tuyen-sinh/thcs/dang-ky-som,src/pages/tuyen-sinh/thcs/dang-ky-som/index.astro,Inline HTML,✓,✓,✓,✓,✓,✓,✓,✓,✓,Good,Đăng ký sớm THCS
49,/tuyen-sinh/thcs/tham-quan-truong,src/pages/tuyen-sinh/thcs/tham-quan-truong/index.astro,Inline HTML,✓,✓,✓,✓,✓,✓,✓,✓,✓,Good,Tham quan trường THCS
50,/tuyen-sinh/thcs/webinar,src/pages/tuyen-sinh/thcs/webinar/index.astro,Inline HTML,✓,✓,✓,✓,✓,✓,✓,✓,✓,Good,Webinar THCS
51,/tuyen-sinh/thcs/lop-6/checklist-a,src/pages/tuyen-sinh/thcs/lop-6/checklist-a.astro,Inline HTML,✓,✓,✓,✓,✓,✓,✓,✓,✓,Good,Squeeze lớp 6 variant A
52,/tuyen-sinh/thcs/lop-6/checklist-b,src/pages/tuyen-sinh/thcs/lop-6/checklist-b.astro,Inline HTML,✓,✓,✓,✓,✓,✓,✓,✓,✓,Good,Squeeze lớp 6 variant B
53,/tuyen-sinh/thcs/lop-6/early-bird-a,src/pages/tuyen-sinh/thcs/lop-6/early-bird-a.astro,Inline HTML,✓,✓,✓,✓,✓,✓,✓,✓ (đã sửa),✓,Good,Early bird variant A
54,/tuyen-sinh/thcs/lop-6/early-bird-b,src/pages/tuyen-sinh/thcs/lop-6/early-bird-b.astro,Inline HTML,✓,✓,✓,✓,✓,✓,✓,✓ (đã sửa),✓,Good,Early bird variant B
55,/tuyen-sinh/thcs/lop-6/pain-point-a,src/pages/tuyen-sinh/thcs/lop-6/pain-point-a.astro,Inline HTML,✓,✓,✓,✓,✓,✓,✓,✓,✓,Good,Pain point variant A
56,/tuyen-sinh/thcs/lop-6/pain-point-b,src/pages/tuyen-sinh/thcs/lop-6/pain-point-b.astro,Inline HTML,✓,✓,✓,✓,✓,✓,✓,✓,✓,Good,Pain point variant B
57,/tuyen-sinh/thcs/lop-6/school-tour-a,src/pages/tuyen-sinh/thcs/lop-6/school-tour-a.astro,Inline HTML,✓,✓,✓,✓,✓,✓,✓,✓ (đã sửa),✓,Good,School tour variant A
58,/tuyen-sinh/thcs/lop-6/school-tour-b,src/pages/tuyen-sinh/thcs/lop-6/school-tour-b.astro,Inline HTML,✓,✓,✓,✓,✓,✓,✓,✓ (đã sửa),✓,Good,School tour variant B
59,/tuyen-sinh/thcs/lop-6/webinar-a,src/pages/tuyen-sinh/thcs/lop-6/webinar-a.astro,Inline HTML,✓,✓,✓,✓,✓,✓,✓,✓,✓,Good,Webinar variant A
60,/tuyen-sinh/thcs/lop-6/webinar-b,src/pages/tuyen-sinh/thcs/lop-6/webinar-b.astro,Inline HTML,✓,✓,✓,✓,✓,✓,✓,✓,✓,Good,Webinar variant B
61,/tuyen-sinh/thpt,src/pages/tuyen-sinh/thpt/index.astro,Inline HTML,✓,✓,✓,✓,✓,✓,✓,✓,✓,Good,Funnel THPT chính
62,/tuyen-sinh/thpt/ap-luc-thi,src/pages/tuyen-sinh/thpt/ap-luc-thi/index.astro,Inline HTML,✓,✓,✓,✓,✓,✓,✓,✓,✓,Good,Áp lực thi THPT
63,/tuyen-sinh/thpt/checklist,src/pages/tuyen-sinh/thpt/checklist/index.astro,Inline HTML,✓,✓,✓,✓,✓,✓,✓,✓,✓,Good,Checklist THPT
64,/tuyen-sinh/thpt/dang-ky-som,src/pages/tuyen-sinh/thpt/dang-ky-som/index.astro,Inline HTML,✓,✓,✓,✓,✓,✓,✓,✓,✓,Good,Đăng ký sớm THPT
65,/tuyen-sinh/thpt/du-hoc-profile,src/pages/tuyen-sinh/thpt/du-hoc-profile/index.astro,Inline HTML,✓,✓,✓,✓,✓,✓,✓,✓,✓,Good,Du học profile THPT
66,/tuyen-sinh/thpt/tham-quan-truong,src/pages/tuyen-sinh/thpt/tham-quan-truong/index.astro,Inline HTML,✓,✓,✓,✓,✓,✓,✓,✓,✓,Good,Tham quan trường THPT
67,/tuyen-sinh/mam-non (static),public/tuyen-sinh/mam-non/index.html,Static HTML,✓,✓,✓,✓,✓,✓,✓,✓ (đã sửa),✓,Good,Trang tĩnh mầm non
68,/tuyen-sinh/mam-non/cam-on (static),public/tuyen-sinh/mam-non/cam-on/index.html,Static HTML,✓,✓,✓,✓,✓,✓,✓,✓ (đã sửa),–,Good,Cảm ơn mầm non
69,/tuyen-sinh/mam-non/chuong-trinh-hoc (static),public/tuyen-sinh/mam-non/chuong-trinh-hoc/index.html,Static HTML,✓,✓,✓,✓,✓,✓,✓,✓ (đã sửa),✓,Good,Chương trình học mầm non
70,/tuyen-sinh/mam-non/hoc-phi (static),public/tuyen-sinh/mam-non/hoc-phi/index.html,Static HTML,✓,✓,✓,✓,✓,✓,✓,✓ (đã sửa),✓,Good,Học phí mầm non
71,/tuyen-sinh/mam-non/phu-huynh-noi-gi (static),public/tuyen-sinh/mam-non/phu-huynh-noi-gi/index.html,Static HTML,✓,✓,✓,✓,✓,✓,✓,✓ (đã sửa),✓,Good,Phụ huynh nói gì mầm non
72,/tuyen-sinh/mam-non/xac-nhan-tour (static),public/tuyen-sinh/mam-non/xac-nhan-tour/index.html,Static HTML,✓,✓,✓,✓,✓,✓,✓,✓ (đã sửa),✓,Good,Xác nhận tour mầm non
73,/tuyen-sinh/tieu-hoc (static),public/tuyen-sinh/tieu-hoc/index.html,Static HTML,✓,✓,✓,✓,✓,✓,✓,✓ (đã sửa),✓,Good,Trang tĩnh tiểu học
74,/tuyen-sinh/tieu-hoc/cam-on (static),public/tuyen-sinh/tieu-hoc/cam-on/index.html,Static HTML,✓,✓,✓,✓,✓,✓,✓,✓ (đã sửa),–,Good,Cảm ơn tiểu học
75,/tuyen-sinh/tieu-hoc/chuong-trinh-hoc (static),public/tuyen-sinh/tieu-hoc/chuong-trinh-hoc/index.html,Static HTML,✓,✓,✓,✓,✓,✓,✓,✓ (đã sửa),✓,Good,Chương trình học tiểu học
76,/tuyen-sinh/tieu-hoc/hoc-phi (static),public/tuyen-sinh/tieu-hoc/hoc-phi/index.html,Static HTML,✓,✓,✓,✓,✓,✓,✓,✓ (đã sửa),✓,Good,Học phí tiểu học
77,/tuyen-sinh/tieu-hoc/phu-huynh-noi-gi (static),public/tuyen-sinh/tieu-hoc/phu-huynh-noi-gi/index.html,Static HTML,✓,✓,✓,✓,✓,✓,✓,✓ (đã sửa),✓,Good,Phụ huynh nói gì tiểu học
78,/tuyen-sinh/tieu-hoc/xac-nhan-tour (static),public/tuyen-sinh/tieu-hoc/xac-nhan-tour/index.html,Static HTML,✓,✓,✓,✓,✓,✓,✓,✓ (đã sửa),✓,Good,Xác nhận tour tiểu học
79,/tuyen-sinh/thcs (static),public/tuyen-sinh/thcs/index.html,Static HTML,✓,✓,✓,✓,✓,✓,✓,✓ (đã sửa),✓,Good,Trang tĩnh THCS
80,/tuyen-sinh/thcs/cam-on (static),public/tuyen-sinh/thcs/cam-on/index.html,Static HTML,✓,✓,✓,✓,✓,✓,✓,✓ (đã sửa),–,Good,Cảm ơn THCS
81,/tuyen-sinh/thcs/chuong-trinh-hoc (static),public/tuyen-sinh/thcs/chuong-trinh-hoc/index.html,Static HTML,✓,✓,✓,✓,✓,✓,✓,✓ (đã sửa),✓,Good,Chương trình học THCS
82,/tuyen-sinh/thcs/hoc-phi (static),public/tuyen-sinh/thcs/hoc-phi/index.html,Static HTML,✓,✓,✓,✓,✓,✓,✓,✓ (đã sửa),✓,Good,Học phí THCS
83,/tuyen-sinh/thcs/phu-huynh-noi-gi (static),public/tuyen-sinh/thcs/phu-huynh-noi-gi/index.html,Static HTML,✓,✓,✓,✓,✓,✓,✓,✓ (đã sửa),✓,Good,Phụ huynh nói gì THCS
84,/tuyen-sinh/thcs/xac-nhan-tour (static),public/tuyen-sinh/thcs/xac-nhan-tour/index.html,Static HTML,✓,✓,✓,✓,✓,✓,✓,✓ (đã sửa),✓,Good,Xác nhận tour THCS
85,/tuyen-sinh/thpt (static),public/tuyen-sinh/thpt/index.html,Static HTML,✓,✓,✓,✓,✓,✓,✓,✓ (đã sửa),✓,Good,Trang tĩnh THPT
86,/tuyen-sinh/thpt/cam-on (static),public/tuyen-sinh/thpt/cam-on/index.html,Static HTML,✓,✓,✓,✓,✓,✓,✓,✓ (đã sửa),–,Good,Cảm ơn THPT
87,/tuyen-sinh/thpt/chuong-trinh-hoc (static),public/tuyen-sinh/thpt/chuong-trinh-hoc/index.html,Static HTML,✓,✓,✓,✓,✓,✓,✓,✓ (đã sửa),✓,Good,Chương trình học THPT
88,/tuyen-sinh/thpt/hoc-phi (static),public/tuyen-sinh/thpt/hoc-phi/index.html,Static HTML,✓,✓,✓,✓,✓,✓,✓,✓ (đã sửa),✓,Good,Học phí THPT
89,/tuyen-sinh/thpt/phu-huynh-noi-gi (static),public/tuyen-sinh/thpt/phu-huynh-noi-gi/index.html,Static HTML,✓,✓,✓,✓,✓,✓,✓,✓ (đã sửa),✓,Good,Phụ huynh nói gì THPT
90,/tuyen-sinh/thpt/xac-nhan-tour (static),public/tuyen-sinh/thpt/xac-nhan-tour/index.html,Static HTML,✓,✓,✓,✓,✓,✓,✓,✓ (đã sửa),✓,Good,Xác nhận tour THPT
91,/mam-non-preview (static),public/mam-non-preview.html,Static HTML,✓,✓,✓,✓,✓ (đã thêm),✓ (đã thêm),✓ (đã thêm),✓ (đã sửa),–,Good,"ĐÃ SỬA: thêm OG tags, Twitter cards, Schema.org"
